query_id,query_text,expected_card_id,expected_category,species,split,origin
Q0001,犬突然出现轻度腹泻,OS-GI-001,gastrointestinal,dog,seed,v1_8_card_seed_not_real_world_evaluation
Q0002,狗今天拉稀,OS-GI-001,gastrointestinal,dog,seed,v1_8_card_seed_not_real_world_evaluation
Q0003,突然软便,OS-GI-001,gastrointestinal,dog,seed,v1_8_card_seed_not_real_world_evaluation
Q0004,犬腹泻时需要记录哪些信息,OS-GI-002,gastrointestinal,dog,seed,v1_8_card_seed_not_real_world_evaluation
Q0005,狗拉稀要观察什么,OS-GI-002,gastrointestinal,dog,seed,v1_8_card_seed_not_real_world_evaluation
Q0006,腹泻怎么判断严重,OS-GI-002,gastrointestinal,dog,seed,v1_8_card_seed_not_real_world_evaluation
Q0007,犬腹泻是否可以自行用抗生素,OS-GI-003,gastrointestinal,dog,seed,v1_8_card_seed_not_real_world_evaluation
Q0008,狗拉稀能吃抗生素吗,OS-GI-003,gastrointestinal,dog,seed,v1_8_card_seed_not_real_world_evaluation
Q0009,要不要吃消炎药,OS-GI-003,gastrointestinal,dog,seed,v1_8_card_seed_not_real_world_evaluation
Q0010,猫打喷嚏并有鼻眼分泌物,OS-RESP-001,respiratory,cat,seed,v1_8_card_seed_not_real_world_evaluation
Q0011,猫打喷嚏流鼻涕,OS-RESP-001,respiratory,cat,seed,v1_8_card_seed_not_real_world_evaluation
Q0012,猫眼鼻有分泌物,OS-RESP-001,respiratory,cat,seed,v1_8_card_seed_not_real_world_evaluation
Q0013,犬持续咳嗽,OS-RESP-002,respiratory,dog,seed,v1_8_card_seed_not_real_world_evaluation
Q0014,狗一直咳,OS-RESP-002,respiratory,dog,seed,v1_8_card_seed_not_real_world_evaluation
Q0015,像卡住一样咳,OS-RESP-002,respiratory,dog,seed,v1_8_card_seed_not_real_world_evaluation
Q0016,猫狗呼吸道症状是否需要抗生素,OS-RESP-003,respiratory,cat/dog,seed,v1_8_card_seed_not_real_world_evaluation
Q0017,打喷嚏要吃抗生素吗,OS-RESP-003,respiratory,cat/dog,seed,v1_8_card_seed_not_real_world_evaluation
Q0018,咳嗽能不能吃消炎药,OS-RESP-003,respiratory,cat/dog,seed,v1_8_card_seed_not_real_world_evaluation
Q0019,犬频繁抓耳或甩头,OS-EAR-001,ear,dog,seed,v1_8_card_seed_not_real_world_evaluation
Q0020,狗一直甩头,OS-EAR-001,ear,dog,seed,v1_8_card_seed_not_real_world_evaluation
Q0021,狗不停抓耳朵,OS-EAR-001,ear,dog,seed,v1_8_card_seed_not_real_world_evaluation
Q0022,犬耳朵异味和分泌物,OS-EAR-002,ear,dog,seed,v1_8_card_seed_not_real_world_evaluation
Q0023,狗耳朵很臭,OS-EAR-002,ear,dog,seed,v1_8_card_seed_not_real_world_evaluation
Q0024,耳朵有棕色东西,OS-EAR-002,ear,dog,seed,v1_8_card_seed_not_real_world_evaluation
Q0025,猫耳朵很脏并抓挠,OS-EAR-003,ear,cat,seed,v1_8_card_seed_not_real_world_evaluation
Q0026,猫耳朵有很多黑色东西,OS-EAR-003,ear,cat,seed,v1_8_card_seed_not_real_world_evaluation
Q0027,猫一直抓耳,OS-EAR-003,ear,cat,seed,v1_8_card_seed_not_real_world_evaluation
Q0028,猫口臭,OS-ORAL-001,oral,cat,seed,v1_8_card_seed_not_real_world_evaluation
Q0029,猫嘴巴很臭,OS-ORAL-001,oral,cat,seed,v1_8_card_seed_not_real_world_evaluation
Q0030,猫口气很重,OS-ORAL-001,oral,cat,seed,v1_8_card_seed_not_real_world_evaluation
Q0031,猫牙齿有牙结石,OS-ORAL-002,oral,cat,seed,v1_8_card_seed_not_real_world_evaluation
Q0032,猫牙齿黄黄的,OS-ORAL-002,oral,cat,seed,v1_8_card_seed_not_real_world_evaluation
Q0033,猫有牙结石,OS-ORAL-002,oral,cat,seed,v1_8_card_seed_not_real_world_evaluation
Q0034,犬牙龈红和口臭,OS-ORAL-003,oral,dog,seed,v1_8_card_seed_not_real_world_evaluation
Q0035,狗口臭牙龈红,OS-ORAL-003,oral,dog,seed,v1_8_card_seed_not_real_world_evaluation
Q0036,狗牙齿很脏,OS-ORAL-003,oral,dog,seed,v1_8_card_seed_not_real_world_evaluation
Q0037,猫可能出现口腔疼痛的表现,OS-ORAL-004,oral,cat,seed,v1_8_card_seed_not_real_world_evaluation
Q0038,猫吃饭很慢,OS-ORAL-004,oral,cat,seed,v1_8_card_seed_not_real_world_evaluation
Q0039,想吃又不敢吃,OS-ORAL-004,oral,cat,seed,v1_8_card_seed_not_real_world_evaluation
Q0040,犬起身僵硬或活动减少,OS-MSK-001,musculoskeletal,dog,seed,v1_8_card_seed_not_real_world_evaluation
Q0041,狗睡醒后很僵,OS-MSK-001,musculoskeletal,dog,seed,v1_8_card_seed_not_real_world_evaluation
Q0042,不愿意走路,OS-MSK-001,musculoskeletal,dog,seed,v1_8_card_seed_not_real_world_evaluation
Q0043,猫减少跳跃,OS-MSK-002,musculoskeletal,cat,seed,v1_8_card_seed_not_real_world_evaluation
Q0044,猫不愿意跳了,OS-MSK-002,musculoskeletal,cat,seed,v1_8_card_seed_not_real_world_evaluation
Q0045,猫不上沙发了,OS-MSK-002,musculoskeletal,cat,seed,v1_8_card_seed_not_real_world_evaluation
Q0046,老年猫狗活动变化需要记录什么,OS-MSK-003,musculoskeletal,cat/dog,seed,v1_8_card_seed_not_real_world_evaluation
Q0047,老年宠物走得慢,OS-MSK-003,musculoskeletal,cat/dog,seed,v1_8_card_seed_not_real_world_evaluation
Q0048,怎么判断关节不舒服,OS-MSK-003,musculoskeletal,cat/dog,seed,v1_8_card_seed_not_real_world_evaluation
Q0049,猫频繁进猫砂盆但尿量很少,OS-UR-001,urinary,cat,seed,v1_8_card_seed_not_real_world_evaluation
Q0050,猫一直去猫砂盆,OS-UR-001,urinary,cat,seed,v1_8_card_seed_not_real_world_evaluation
Q0051,每次只尿一点,OS-UR-001,urinary,cat,seed,v1_8_card_seed_not_real_world_evaluation
Q0052,猫尿中带血,OS-UR-002,urinary,cat,seed,v1_8_card_seed_not_real_world_evaluation
Q0053,猫尿是粉色的,OS-UR-002,urinary,cat,seed,v1_8_card_seed_not_real_world_evaluation
Q0054,猫尿里有血,OS-UR-002,urinary,cat,seed,v1_8_card_seed_not_real_world_evaluation
Q0055,猫尿道阻塞风险,OS-UR-003,urinary,cat,seed,v1_8_card_seed_not_real_world_evaluation
Q0056,公猫尿不出来,OS-UR-003,urinary,cat,seed,v1_8_card_seed_not_real_world_evaluation
Q0057,猫蹲很久没有尿,OS-UR-003,urinary,cat,seed,v1_8_card_seed_not_real_world_evaluation
Q0058,犬反复瘙痒,OS-SKIN-001,dermatology,dog,seed,v1_8_card_seed_not_real_world_evaluation
Q0059,狗一直挠痒,OS-SKIN-001,dermatology,dog,seed,v1_8_card_seed_not_real_world_evaluation
Q0060,皮肤反复发红,OS-SKIN-001,dermatology,dog,seed,v1_8_card_seed_not_real_world_evaluation
Q0061,犬舔爪和耳朵反复不适,OS-SKIN-002,dermatology,dog,seed,v1_8_card_seed_not_real_world_evaluation
Q0062,狗一直舔脚,OS-SKIN-002,dermatology,dog,seed,v1_8_card_seed_not_real_world_evaluation
Q0063,耳朵和爪子总是发红,OS-SKIN-002,dermatology,dog,seed,v1_8_card_seed_not_real_world_evaluation
Q0064,猫狗局部脱毛不能只凭照片判断,OS-SKIN-003,dermatology,cat/dog,seed,v1_8_card_seed_not_real_world_evaluation
Q0065,秃了一块是不是猫癣,OS-SKIN-003,dermatology,cat/dog,seed,v1_8_card_seed_not_real_world_evaluation
Q0066,圆形脱毛是什么,OS-SKIN-003,dermatology,cat/dog,seed,v1_8_card_seed_not_real_world_evaluation
Q0067,猫到新环境后躲藏,OS-BEH-001,behavior,cat,seed,v1_8_card_seed_not_real_world_evaluation
Q0068,新猫一直躲着,OS-BEH-001,behavior,cat,seed,v1_8_card_seed_not_real_world_evaluation
Q0069,搬家后猫不出来,OS-BEH-001,behavior,cat,seed,v1_8_card_seed_not_real_world_evaluation
Q0070,室内猫环境丰富化,OS-BEH-002,behavior,cat,seed,v1_8_card_seed_not_real_world_evaluation
Q0071,猫在家无聊怎么办,OS-BEH-002,behavior,cat,seed,v1_8_card_seed_not_real_world_evaluation
Q0072,怎么减少猫的压力,OS-BEH-002,behavior,cat,seed,v1_8_card_seed_not_real_world_evaluation
Q0073,幼猫幼犬疫苗计划,OS-VAX-001,preventive_care,cat/dog,seed,v1_8_card_seed_not_real_world_evaluation
Q0074,幼猫幼犬什么时候打疫苗,OS-VAX-001,preventive_care,cat/dog,seed,v1_8_card_seed_not_real_world_evaluation
Q0075,疫苗怎么安排,OS-VAX-001,preventive_care,cat/dog,seed,v1_8_card_seed_not_real_world_evaluation
Q0076,猫注射部位出现肿块,OS-VAX-002,preventive_care,cat,seed,v1_8_card_seed_not_real_world_evaluation
Q0077,猫打针后有个包,OS-VAX-002,preventive_care,cat,seed,v1_8_card_seed_not_real_world_evaluation
Q0078,疫苗位置有硬块,OS-VAX-002,preventive_care,cat,seed,v1_8_card_seed_not_real_world_evaluation
Q0079,犬眼睛突然眯眼、发红或浑浊,OS-EYE-001,eye,dog,seed,v1_8_card_seed_not_real_world_evaluation
Q0080,狗一只眼睁不开,OS-EYE-001,eye,dog,seed,v1_8_card_seed_not_real_world_evaluation
Q0081,眼睛突然白了或蓝了,OS-EYE-001,eye,dog,seed,v1_8_card_seed_not_real_world_evaluation
Q0082,犬突然视力下降,OS-EYE-002,eye,dog,seed,v1_8_card_seed_not_real_world_evaluation
Q0083,狗突然撞东西,OS-EYE-002,eye,dog,seed,v1_8_card_seed_not_real_world_evaluation
Q0084,好像突然看不见,OS-EYE-002,eye,dog,seed,v1_8_card_seed_not_real_world_evaluation
Q0085,猫反复腹泻需排查寄生虫和其他病因,MVP-GI-001,gastrointestinal,cat,seed,v1_8_card_seed_not_real_world_evaluation
Q0086,猫反复拉稀,MVP-GI-001,gastrointestinal,cat,seed,v1_8_card_seed_not_real_world_evaluation
Q0087,猫腹泻总不好,MVP-GI-001,gastrointestinal,cat,seed,v1_8_card_seed_not_real_world_evaluation
Q0088,犬偶发一次呕吐,MVP-GI-002,gastrointestinal,dog,seed,v1_8_card_seed_not_real_world_evaluation
Q0089,狗吐了一次,MVP-GI-002,gastrointestinal,dog,seed,v1_8_card_seed_not_real_world_evaluation
Q0090,狗刚刚呕吐,MVP-GI-002,gastrointestinal,dog,seed,v1_8_card_seed_not_real_world_evaluation
Q0091,犬反复呕吐,MVP-GI-003,gastrointestinal,dog,seed,v1_8_card_seed_not_real_world_evaluation
Q0092,狗一直吐,MVP-GI-003,gastrointestinal,dog,seed,v1_8_card_seed_not_real_world_evaluation
Q0093,喝水也吐,MVP-GI-003,gastrointestinal,dog,seed,v1_8_card_seed_not_real_world_evaluation
Q0094,猫偶发呕吐需要观察什么,MVP-GI-004,gastrointestinal,cat,seed,v1_8_card_seed_not_real_world_evaluation
Q0095,猫吐了一次,MVP-GI-004,gastrointestinal,cat,seed,v1_8_card_seed_not_real_world_evaluation
Q0096,猫吐了食物,MVP-GI-004,gastrointestinal,cat,seed,v1_8_card_seed_not_real_world_evaluation
Q0097,猫反复呕吐不能只按毛球处理,MVP-GI-005,gastrointestinal,cat,seed,v1_8_card_seed_not_real_world_evaluation
Q0098,猫一天吐很多次,MVP-GI-005,gastrointestinal,cat,seed,v1_8_card_seed_not_real_world_evaluation
Q0099,猫喝水也吐,MVP-GI-005,gastrointestinal,cat,seed,v1_8_card_seed_not_real_world_evaluation
Q0100,猫反复吐出毛发也需要评估,MVP-GI-006,gastrointestinal,cat,seed,v1_8_card_seed_not_real_world_evaluation
Q0101,猫总吐出毛,MVP-GI-006,gastrointestinal,cat,seed,v1_8_card_seed_not_real_world_evaluation
Q0102,猫频繁吐毛球正常吗,MVP-GI-006,gastrointestinal,cat,seed,v1_8_card_seed_not_real_world_evaluation
Q0103,猫排便困难或便秘,MVP-GI-007,gastrointestinal,cat,seed,v1_8_card_seed_not_real_world_evaluation
Q0104,猫几天没拉,MVP-GI-007,gastrointestinal,cat,seed,v1_8_card_seed_not_real_world_evaluation
Q0105,猫拉屎很用力,MVP-GI-007,gastrointestinal,cat,seed,v1_8_card_seed_not_real_world_evaluation
Q0106,犬反复吞咽或进食后反流,MVP-GI-008,gastrointestinal,dog,seed,v1_8_card_seed_not_real_world_evaluation
Q0107,狗吃完东西就反流,MVP-GI-008,gastrointestinal,dog,seed,v1_8_card_seed_not_real_world_evaluation
Q0108,狗反复吞咽像卡住,MVP-GI-008,gastrointestinal,dog,seed,v1_8_card_seed_not_real_world_evaluation
Q0109,区分呕吐和反流,MVP-GI-009,gastrointestinal,cat/dog,seed,v1_8_card_seed_not_real_world_evaluation
Q0110,吃完就吐,MVP-GI-009,gastrointestinal,cat/dog,seed,v1_8_card_seed_not_real_world_evaluation
Q0111,没有干呕就吐出来,MVP-GI-009,gastrointestinal,cat/dog,seed,v1_8_card_seed_not_real_world_evaluation
Q0112,猫食欲突然下降,MVP-GI-010,gastrointestinal,cat,seed,v1_8_card_seed_not_real_world_evaluation
Q0113,猫不爱吃饭,MVP-GI-010,gastrointestinal,cat,seed,v1_8_card_seed_not_real_world_evaluation
Q0114,猫突然不吃,MVP-GI-010,gastrointestinal,cat,seed,v1_8_card_seed_not_real_world_evaluation
Q0115,犬食欲突然下降,MVP-GI-011,gastrointestinal,dog,seed,v1_8_card_seed_not_real_world_evaluation
Q0116,狗突然不吃饭,MVP-GI-011,gastrointestinal,dog,seed,v1_8_card_seed_not_real_world_evaluation
Q0117,狗没胃口,MVP-GI-011,gastrointestinal,dog,seed,v1_8_card_seed_not_real_world_evaluation
Q0118,犬出现黑色柏油样便,MVP-GI-012,gastrointestinal,dog,seed,v1_8_card_seed_not_real_world_evaluation
Q0119,便便黑得发亮,MVP-GI-012,gastrointestinal,dog,seed,v1_8_card_seed_not_real_world_evaluation
Q0120,黑色黏便,MVP-GI-012,gastrointestinal,dog,seed,v1_8_card_seed_not_real_world_evaluation
Q0121,犬便中出现鲜红色血,MVP-GI-013,gastrointestinal,dog,seed,v1_8_card_seed_not_real_world_evaluation
Q0122,便便带鲜血,MVP-GI-013,gastrointestinal,dog,seed,v1_8_card_seed_not_real_world_evaluation
Q0123,拉血了,MVP-GI-013,gastrointestinal,dog,seed,v1_8_card_seed_not_real_world_evaluation
Q0124,犬换粮后出现软便,MVP-GI-014,gastrointestinal,dog,seed,v1_8_card_seed_not_real_world_evaluation
Q0125,刚换粮就软便,MVP-GI-014,gastrointestinal,dog,seed,v1_8_card_seed_not_real_world_evaluation
Q0126,新粮吃了拉稀,MVP-GI-014,gastrointestinal,dog,seed,v1_8_card_seed_not_real_world_evaluation
Q0127,判断猫是否超重,MVP-NUT-001,nutrition,cat,seed,v1_8_card_seed_not_real_world_evaluation
Q0128,猫是不是太胖,MVP-NUT-001,nutrition,cat,seed,v1_8_card_seed_not_real_world_evaluation
Q0129,猫肚子很大,MVP-NUT-001,nutrition,cat,seed,v1_8_card_seed_not_real_world_evaluation
Q0130,判断犬是否超重,MVP-NUT-002,nutrition,dog,seed,v1_8_card_seed_not_real_world_evaluation
Q0131,狗是不是胖了,MVP-NUT-002,nutrition,dog,seed,v1_8_card_seed_not_real_world_evaluation
Q0132,狗没有腰了,MVP-NUT-002,nutrition,dog,seed,v1_8_card_seed_not_real_world_evaluation
Q0133,猫安全减重原则,MVP-NUT-003,nutrition,cat,seed,v1_8_card_seed_not_real_world_evaluation
Q0134,宠物怎么减肥,MVP-NUT-003,nutrition,cat,seed,v1_8_card_seed_not_real_world_evaluation
Q0135,能不能少喂一半,MVP-NUT-003,nutrition,cat,seed,v1_8_card_seed_not_real_world_evaluation
Q0136,猫零食会不会影响体重,MVP-NUT-004,nutrition,cat,seed,v1_8_card_seed_not_real_world_evaluation
Q0137,零食喂多了吗,MVP-NUT-004,nutrition,cat,seed,v1_8_card_seed_not_real_world_evaluation
Q0138,训练奖励会胖吗,MVP-NUT-004,nutrition,cat,seed,v1_8_card_seed_not_real_world_evaluation
Q0139,猫突然挑食,MVP-NUT-005,nutrition,cat,seed,v1_8_card_seed_not_real_world_evaluation
Q0140,猫只吃某一种,MVP-NUT-005,nutrition,cat,seed,v1_8_card_seed_not_real_world_evaluation
Q0141,猫变挑食了,MVP-NUT-005,nutrition,cat,seed,v1_8_card_seed_not_real_world_evaluation
Q0142,犬突然挑食,MVP-NUT-006,nutrition,dog,seed,v1_8_card_seed_not_real_world_evaluation
Q0143,狗只吃零食不吃饭,MVP-NUT-006,nutrition,dog,seed,v1_8_card_seed_not_real_world_evaluation
Q0144,狗变挑食,MVP-NUT-006,nutrition,dog,seed,v1_8_card_seed_not_real_world_evaluation
Q0145,犬猫生食的风险,MVP-NUT-007,nutrition,cat/dog,seed,v1_8_card_seed_not_real_world_evaluation
Q0146,能不能喂生肉,MVP-NUT-007,nutrition,cat/dog,seed,v1_8_card_seed_not_real_world_evaluation
Q0147,生骨肉安全吗,MVP-NUT-007,nutrition,cat/dog,seed,v1_8_card_seed_not_real_world_evaluation
Q0148,犬猫啃食骨头,MVP-NUT-008,nutrition,cat/dog,seed,v1_8_card_seed_not_real_world_evaluation
Q0149,可以喂骨头吗,MVP-NUT-008,nutrition,cat/dog,seed,v1_8_card_seed_not_real_world_evaluation
Q0150,吞了骨头怎么办,MVP-NUT-008,nutrition,cat/dog,seed,v1_8_card_seed_not_real_world_evaluation
Q0151,监测饮水量变化,MVP-NUT-009,nutrition,cat/dog,seed,v1_8_card_seed_not_real_world_evaluation
Q0152,最近喝水变多,MVP-NUT-009,nutrition,cat/dog,seed,v1_8_card_seed_not_real_world_evaluation
Q0153,怎么记录喝水,MVP-NUT-009,nutrition,cat/dog,seed,v1_8_card_seed_not_real_world_evaluation
Q0154,选择主食和换粮记录,MVP-NUT-010,nutrition,cat/dog,seed,v1_8_card_seed_not_real_world_evaluation
Q0155,怎么选主粮,MVP-NUT-010,nutrition,cat/dog,seed,v1_8_card_seed_not_real_world_evaluation
Q0156,换粮需要注意什么,MVP-NUT-010,nutrition,cat/dog,seed,v1_8_card_seed_not_real_world_evaluation
Q0157,猫身上发现跳蚤或黑色颗粒,MVP-PAR-001,parasites,cat,seed,v1_8_card_seed_not_real_world_evaluation
Q0158,猫有跳蚤,MVP-PAR-001,parasites,cat,seed,v1_8_card_seed_not_real_world_evaluation
Q0159,毛里有黑点,MVP-PAR-001,parasites,cat,seed,v1_8_card_seed_not_real_world_evaluation
Q0160,犬身上发现跳蚤,MVP-PAR-002,parasites,dog,seed,v1_8_card_seed_not_real_world_evaluation
Q0161,狗有跳蚤,MVP-PAR-002,parasites,dog,seed,v1_8_card_seed_not_real_world_evaluation
Q0162,狗身上黑点会动,MVP-PAR-002,parasites,dog,seed,v1_8_card_seed_not_real_world_evaluation
Q0163,犬猫身上发现蜱虫,MVP-PAR-003,parasites,cat/dog,seed,v1_8_card_seed_not_real_world_evaluation
Q0164,身上有蜱,MVP-PAR-003,parasites,cat/dog,seed,v1_8_card_seed_not_real_world_evaluation
Q0165,皮肤上有一只虫吸着,MVP-PAR-003,parasites,cat/dog,seed,v1_8_card_seed_not_real_world_evaluation
Q0166,选择驱虫产品不能只看品牌,MVP-PAR-004,parasites,cat/dog,seed,v1_8_card_seed_not_real_world_evaluation
Q0167,驱虫药怎么选,MVP-PAR-004,parasites,cat/dog,seed,v1_8_card_seed_not_real_world_evaluation
Q0168,猫狗能共用驱虫药吗,MVP-PAR-004,parasites,cat/dog,seed,v1_8_card_seed_not_real_world_evaluation
Q0169,驱虫频率需要个体化,MVP-PAR-005,parasites,cat/dog,seed,v1_8_card_seed_not_real_world_evaluation
Q0170,多久驱虫一次,MVP-PAR-005,parasites,cat/dog,seed,v1_8_card_seed_not_real_world_evaluation
Q0171,室内宠物要不要驱虫,MVP-PAR-005,parasites,cat/dog,seed,v1_8_card_seed_not_real_world_evaluation
Q0172,粪便中看到虫体或米粒样节片,MVP-PAR-006,parasites,cat/dog,seed,v1_8_card_seed_not_real_world_evaluation
Q0173,便里有虫,MVP-PAR-006,parasites,cat/dog,seed,v1_8_card_seed_not_real_world_evaluation
Q0174,屁股旁有白色米粒,MVP-PAR-006,parasites,cat/dog,seed,v1_8_card_seed_not_real_world_evaluation
Q0175,多宠家庭疑似耳螨,MVP-PAR-007,parasites,cat/dog,seed,v1_8_card_seed_not_real_world_evaluation
Q0176,几只猫都抓耳朵,MVP-PAR-007,parasites,cat/dog,seed,v1_8_card_seed_not_real_world_evaluation
Q0177,耳朵黑像咖啡渣,MVP-PAR-007,parasites,cat/dog,seed,v1_8_card_seed_not_real_world_evaluation
Q0178,清理宠物粪便与人宠共患风险,MVP-PAR-008,parasites,cat/dog,seed,v1_8_card_seed_not_real_world_evaluation
Q0179,宠物寄生虫会传人吗,MVP-PAR-008,parasites,cat/dog,seed,v1_8_card_seed_not_real_world_evaluation
Q0180,粪便怎么处理,MVP-PAR-008,parasites,cat/dog,seed,v1_8_card_seed_not_real_world_evaluation
Q0181,室内猫也需要评估寄生虫风险,MVP-PAR-009,parasites,cat,seed,v1_8_card_seed_not_real_world_evaluation
Q0182,不出门的猫要驱虫吗,MVP-PAR-009,parasites,cat,seed,v1_8_card_seed_not_real_world_evaluation
Q0183,室内猫会有跳蚤吗,MVP-PAR-009,parasites,cat,seed,v1_8_card_seed_not_real_world_evaluation
Q0184,季节性掉毛还是异常脱毛,MVP-GRM-001,grooming,cat/dog,seed,v1_8_card_seed_not_real_world_evaluation
Q0185,最近掉毛很多,MVP-GRM-001,grooming,cat/dog,seed,v1_8_card_seed_not_real_world_evaluation
Q0186,是不是正常换毛,MVP-GRM-001,grooming,cat/dog,seed,v1_8_card_seed_not_real_world_evaluation
Q0187,猫狗皮屑增多,MVP-GRM-002,grooming,cat/dog,seed,v1_8_card_seed_not_real_world_evaluation
Q0188,身上很多皮屑,MVP-GRM-002,grooming,cat/dog,seed,v1_8_card_seed_not_real_world_evaluation
Q0189,像头皮屑一样,MVP-GRM-002,grooming,cat/dog,seed,v1_8_card_seed_not_real_world_evaluation
Q0190,猫狗被毛打结,MVP-GRM-003,grooming,cat/dog,seed,v1_8_card_seed_not_real_world_evaluation
Q0191,毛打结很严重,MVP-GRM-003,grooming,cat/dog,seed,v1_8_card_seed_not_real_world_evaluation
Q0192,毛团贴着皮肤,MVP-GRM-003,grooming,cat/dog,seed,v1_8_card_seed_not_real_world_evaluation
Q0193,指甲过长,MVP-GRM-004,grooming,cat/dog,seed,v1_8_card_seed_not_real_world_evaluation
Q0194,指甲太长了,MVP-GRM-004,grooming,cat/dog,seed,v1_8_card_seed_not_real_world_evaluation
Q0195,走路指甲响,MVP-GRM-004,grooming,cat/dog,seed,v1_8_card_seed_not_real_world_evaluation
Q0196,指甲劈裂或出血,MVP-GRM-005,minor_injury,cat/dog,seed,v1_8_card_seed_not_real_world_evaluation
Q0197,指甲断了,MVP-GRM-005,minor_injury,cat/dog,seed,v1_8_card_seed_not_real_world_evaluation
Q0198,指甲流血,MVP-GRM-005,minor_injury,cat/dog,seed,v1_8_card_seed_not_real_world_evaluation
Q0199,散步后反复舔爪,MVP-GRM-006,dermatology,dog,seed,v1_8_card_seed_not_real_world_evaluation
Q0200,遛完一直舔脚,MVP-GRM-006,dermatology,dog,seed,v1_8_card_seed_not_real_world_evaluation
Q0201,脚垫发红,MVP-GRM-006,dermatology,dog,seed,v1_8_card_seed_not_real_world_evaluation
Q0202,短头犬皮褶发红有异味,MVP-GRM-007,dermatology,dog,seed,v1_8_card_seed_not_real_world_evaluation
Q0203,法斗脸褶很臭,MVP-GRM-007,dermatology,dog,seed,v1_8_card_seed_not_real_world_evaluation
Q0204,皮褶发红,MVP-GRM-007,dermatology,dog,seed,v1_8_card_seed_not_real_world_evaluation
Q0205,洗澡后皮肤发红或瘙痒,MVP-GRM-008,dermatology,cat/dog,seed,v1_8_card_seed_not_real_world_evaluation
Q0206,洗完澡一直挠,MVP-GRM-008,dermatology,cat/dog,seed,v1_8_card_seed_not_real_world_evaluation
Q0207,换沐浴露后红了,MVP-GRM-008,dermatology,cat/dog,seed,v1_8_card_seed_not_real_world_evaluation
Q0208,小面积表浅擦伤,MVP-GRM-009,minor_injury,cat/dog,seed,v1_8_card_seed_not_real_world_evaluation
Q0209,擦破一点皮,MVP-GRM-009,minor_injury,cat/dog,seed,v1_8_card_seed_not_real_world_evaluation
Q0210,有个小伤口,MVP-GRM-009,minor_injury,cat/dog,seed,v1_8_card_seed_not_real_world_evaluation
Q0211,被其他动物咬伤,MVP-GRM-010,minor_injury,cat/dog,seed,v1_8_card_seed_not_real_world_evaluation
Q0212,被狗咬了,MVP-GRM-010,minor_injury,cat/dog,seed,v1_8_card_seed_not_real_world_evaluation
Q0213,猫打架有洞,MVP-GRM-010,minor_injury,cat/dog,seed,v1_8_card_seed_not_real_world_evaluation
Q0214,猫突然在猫砂盆外排尿,MVP-BEH-001,behavior,cat,seed,v1_8_card_seed_not_real_world_evaluation
Q0215,猫突然乱尿,MVP-BEH-001,behavior,cat,seed,v1_8_card_seed_not_real_world_evaluation
Q0216,尿在床上,MVP-BEH-001,behavior,cat,seed,v1_8_card_seed_not_real_world_evaluation
Q0217,多猫家庭猫砂盆资源,MVP-BEH-002,behavior,cat,seed,v1_8_card_seed_not_real_world_evaluation
Q0218,几只猫抢猫砂盆,MVP-BEH-002,behavior,cat,seed,v1_8_card_seed_not_real_world_evaluation
Q0219,猫不愿意进猫砂盆,MVP-BEH-002,behavior,cat,seed,v1_8_card_seed_not_real_world_evaluation
Q0220,室内猫缺少合适抓挠和活动资源,MVP-BEH-003,behavior,cat,seed,v1_8_card_seed_not_real_world_evaluation
Q0221,猫一直抓沙发,MVP-BEH-003,behavior,cat,seed,v1_8_card_seed_not_real_world_evaluation
Q0222,怎么让猫不抓家具,MVP-BEH-003,behavior,cat,seed,v1_8_card_seed_not_real_world_evaluation
Q0223,猫夜间异常叫喊,MVP-BEH-004,behavior,cat,seed,v1_8_card_seed_not_real_world_evaluation
Q0224,猫晚上一直叫,MVP-BEH-004,behavior,cat,seed,v1_8_card_seed_not_real_world_evaluation
Q0225,老猫半夜叫,MVP-BEH-004,behavior,cat,seed,v1_8_card_seed_not_real_world_evaluation
Q0226,犬独处时破坏或嚎叫,MVP-BEH-005,behavior,dog,seed,v1_8_card_seed_not_real_world_evaluation
Q0227,一出门狗就叫,MVP-BEH-005,behavior,dog,seed,v1_8_card_seed_not_real_world_evaluation
Q0228,独处拆家,MVP-BEH-005,behavior,dog,seed,v1_8_card_seed_not_real_world_evaluation
Q0229,犬害怕雷声和巨响,MVP-BEH-006,behavior,dog,seed,v1_8_card_seed_not_real_world_evaluation
Q0230,打雷就发抖,MVP-BEH-006,behavior,dog,seed,v1_8_card_seed_not_real_world_evaluation
Q0231,狗怕鞭炮,MVP-BEH-006,behavior,dog,seed,v1_8_card_seed_not_real_world_evaluation
Q0232,犬突然出现攻击行为,MVP-BEH-007,behavior,dog,seed,v1_8_card_seed_not_real_world_evaluation
Q0233,狗突然咬人,MVP-BEH-007,behavior,dog,seed,v1_8_card_seed_not_real_world_evaluation
Q0234,以前不凶现在凶,MVP-BEH-007,behavior,dog,seed,v1_8_card_seed_not_real_world_evaluation
Q0235,犬在家精力过剩,MVP-BEH-008,behavior,dog,seed,v1_8_card_seed_not_real_world_evaluation
Q0236,狗在家太无聊,MVP-BEH-008,behavior,dog,seed,v1_8_card_seed_not_real_world_evaluation
Q0237,总啃东西,MVP-BEH-008,behavior,dog,seed,v1_8_card_seed_not_real_world_evaluation
Q0238,新猫与原住猫逐步介绍,MVP-BEH-009,behavior,cat,seed,v1_8_card_seed_not_real_world_evaluation
Q0239,新猫和原住猫打架,MVP-BEH-009,behavior,cat,seed,v1_8_card_seed_not_real_world_evaluation
Q0240,怎么让两只猫熟悉,MVP-BEH-009,behavior,cat,seed,v1_8_card_seed_not_real_world_evaluation
Q0241,犬排尿次数明显增加,MVP-UR-001,urinary,dog,seed,v1_8_card_seed_not_real_world_evaluation
Q0242,狗总想尿,MVP-UR-001,urinary,dog,seed,v1_8_card_seed_not_real_world_evaluation
Q0243,每次尿一点,MVP-UR-001,urinary,dog,seed,v1_8_card_seed_not_real_world_evaluation
Q0244,犬尿中带血,MVP-UR-002,urinary,dog,seed,v1_8_card_seed_not_real_world_evaluation
Q0245,狗尿血,MVP-UR-002,urinary,dog,seed,v1_8_card_seed_not_real_world_evaluation
Q0246,尿是粉红色,MVP-UR-002,urinary,dog,seed,v1_8_card_seed_not_real_world_evaluation
Q0247,犬无法正常排尿,MVP-UR-003,urinary,dog,seed,v1_8_card_seed_not_real_world_evaluation
Q0248,狗尿不出来,MVP-UR-003,urinary,dog,seed,v1_8_card_seed_not_real_world_evaluation
Q0249,一直蹲但没尿,MVP-UR-003,urinary,dog,seed,v1_8_card_seed_not_real_world_evaluation
Q0250,猫在外排尿先排除泌尿问题,MVP-UR-004,urinary,cat,seed,v1_8_card_seed_not_real_world_evaluation
Q0251,猫乱尿是不是报复,MVP-UR-004,urinary,cat,seed,v1_8_card_seed_not_real_world_evaluation
Q0252,突然尿在外面,MVP-UR-004,urinary,cat,seed,v1_8_card_seed_not_real_world_evaluation
Q0253,犬猫饮水和排尿同时增多,MVP-UR-005,urinary,cat/dog,seed,v1_8_card_seed_not_real_world_evaluation
Q0254,喝水尿尿都变多,MVP-UR-005,urinary,cat/dog,seed,v1_8_card_seed_not_real_world_evaluation
Q0255,水碗很快喝完,MVP-UR-005,urinary,cat/dog,seed,v1_8_card_seed_not_real_world_evaluation
Q0256,猫眼睛眯眼或突然发红,MVP-EYE-001,eye,cat,seed,v1_8_card_seed_not_real_world_evaluation
Q0257,猫一只眼睁不开,MVP-EYE-001,eye,cat,seed,v1_8_card_seed_not_real_world_evaluation
Q0258,猫眼睛突然红,MVP-EYE-001,eye,cat,seed,v1_8_card_seed_not_real_world_evaluation
Q0259,猫突然撞东西或疑似视力下降,MVP-EYE-002,eye,cat,seed,v1_8_card_seed_not_real_world_evaluation
Q0260,猫突然看不见,MVP-EYE-002,eye,cat,seed,v1_8_card_seed_not_real_world_evaluation
Q0261,猫一直撞东西,MVP-EYE-002,eye,cat,seed,v1_8_card_seed_not_real_world_evaluation
Q0262,犬眼部分泌物需结合疼痛和眼表检查,MVP-EYE-003,eye,dog,seed,v1_8_card_seed_not_real_world_evaluation
Q0263,狗眼屎变多,MVP-EYE-003,eye,dog,seed,v1_8_card_seed_not_real_world_evaluation
Q0264,眼睛流泪,MVP-EYE-003,eye,dog,seed,v1_8_card_seed_not_real_world_evaluation
Q0265,猫少量眼鼻分泌物,MVP-EYE-004,eye,cat,seed,v1_8_card_seed_not_real_world_evaluation
Q0266,猫有眼屎,MVP-EYE-004,eye,cat,seed,v1_8_card_seed_not_real_world_evaluation
Q0267,眼睛流泪打喷嚏,MVP-EYE-004,eye,cat,seed,v1_8_card_seed_not_real_world_evaluation
Q0268,成年犬猫基础健康检查,MVP-PREV-001,preventive_care,cat/dog,seed,v1_8_card_seed_not_real_world_evaluation
Q0269,没生病要体检吗,MVP-PREV-001,preventive_care,cat/dog,seed,v1_8_card_seed_not_real_world_evaluation
Q0270,日常体检看什么,MVP-PREV-001,preventive_care,cat/dog,seed,v1_8_card_seed_not_real_world_evaluation
Q0271,老年犬猫需要记录的变化,MVP-PREV-002,preventive_care,cat/dog,seed,v1_8_card_seed_not_real_world_evaluation
Q0272,宠物老了要观察什么,MVP-PREV-002,preventive_care,cat/dog,seed,v1_8_card_seed_not_real_world_evaluation
Q0273,老年猫狗变化,MVP-PREV-002,preventive_care,cat/dog,seed,v1_8_card_seed_not_real_world_evaluation
Q0274,发现皮下小肿块如何记录,MVP-PREV-003,preventive_care,cat/dog,seed,v1_8_card_seed_not_real_world_evaluation
Q0275,摸到一个小包,MVP-PREV-003,preventive_care,cat/dog,seed,v1_8_card_seed_not_real_world_evaluation
Q0276,皮下有肿块,MVP-PREV-003,preventive_care,cat/dog,seed,v1_8_card_seed_not_real_world_evaluation
Q0277,绝育或手术后切口观察,MVP-PREV-004,preventive_care,cat/dog,seed,v1_8_card_seed_not_real_world_evaluation
Q0278,绝育伤口正常吗,MVP-PREV-004,preventive_care,cat/dog,seed,v1_8_card_seed_not_real_world_evaluation
Q0279,手术口有点红,MVP-PREV-004,preventive_care,cat/dog,seed,v1_8_card_seed_not_real_world_evaluation
Q0280,接种后轻微不适与严重反应,MVP-PREV-005,preventive_care,cat/dog,seed,v1_8_card_seed_not_real_world_evaluation
Q0281,打疫苗后没精神,MVP-PREV-005,preventive_care,cat/dog,seed,v1_8_card_seed_not_real_world_evaluation
Q0282,疫苗后有点蔫,MVP-PREV-005,preventive_care,cat/dog,seed,v1_8_card_seed_not_real_world_evaluation
Q0283,犬频繁蹭屁股,MVP-ANAL-001,anal_sac,dog,seed,v1_8_card_seed_not_real_world_evaluation
Q0284,狗一直蹭屁股,MVP-ANAL-001,anal_sac,dog,seed,v1_8_card_seed_not_real_world_evaluation
Q0285,坐地上往前拖,MVP-ANAL-001,anal_sac,dog,seed,v1_8_card_seed_not_real_world_evaluation
Q0286,肛门旁肿胀或疼痛,MVP-ANAL-002,anal_sac,cat/dog,seed,v1_8_card_seed_not_real_world_evaluation
Q0287,肛门旁边鼓包,MVP-ANAL-002,anal_sac,cat/dog,seed,v1_8_card_seed_not_real_world_evaluation
Q0288,屁股一侧肿了,MVP-ANAL-002,anal_sac,cat/dog,seed,v1_8_card_seed_not_real_world_evaluation
Q0289,运动后轻度跛行,MVP-MSK-004,musculoskeletal,cat/dog,seed,v1_8_card_seed_not_real_world_evaluation
Q0290,跑完有点瘸,MVP-MSK-004,musculoskeletal,cat/dog,seed,v1_8_card_seed_not_real_world_evaluation
Q0291,一只脚不太敢踩,MVP-MSK-004,musculoskeletal,cat/dog,seed,v1_8_card_seed_not_real_world_evaluation
Q0292,猫过度舔毛,MVP-SKIN-004,dermatology,cat,seed,v1_8_card_seed_not_real_world_evaluation
Q0293,猫一直舔秃了,MVP-SKIN-004,dermatology,cat,seed,v1_8_card_seed_not_real_world_evaluation
Q0294,肚子毛被舔没了,MVP-SKIN-004,dermatology,cat,seed,v1_8_card_seed_not_real_world_evaluation
Q0295,猫吃植物后呕吐,MVP-TOX-001,gastrointestinal,cat,seed,v1_8_card_seed_not_real_world_evaluation
Q0296,猫吃草后吐,MVP-TOX-001,gastrointestinal,cat,seed,v1_8_card_seed_not_real_world_evaluation
Q0297,咬了家里的植物,MVP-TOX-001,gastrointestinal,cat,seed,v1_8_card_seed_not_real_world_evaluation
Q0298,犬高温天气活动预防,MVP-HEAT-001,preventive_care,dog,seed,v1_8_card_seed_not_real_world_evaluation
Q0299,天热怎么遛狗,MVP-HEAT-001,preventive_care,dog,seed,v1_8_card_seed_not_real_world_evaluation
Q0300,狗会不会中暑,MVP-HEAT-001,preventive_care,dog,seed,v1_8_card_seed_not_real_world_evaluation
Q0301,老年猫饮水和尿量明显增加,MVP-RENAL-001,renal,cat,seed,v1_8_card_seed_not_real_world_evaluation
Q0302,老猫突然喝水多,MVP-RENAL-001,renal,cat,seed,v1_8_card_seed_not_real_world_evaluation
Q0303,猫尿团变大,MVP-RENAL-001,renal,cat,seed,v1_8_card_seed_not_real_world_evaluation
Q0304,猫体重下降并伴食欲下降,MVP-RENAL-002,renal,cat,seed,v1_8_card_seed_not_real_world_evaluation
Q0305,猫越来越瘦又不爱吃,MVP-RENAL-002,renal,cat,seed,v1_8_card_seed_not_real_world_evaluation
Q0306,老猫没胃口,MVP-RENAL-002,renal,cat,seed,v1_8_card_seed_not_real_world_evaluation
Q0307,老年猫为什么要做肾脏筛查,MVP-RENAL-003,renal,cat,seed,v1_8_card_seed_not_real_world_evaluation
Q0308,老猫需要查肾吗,MVP-RENAL-003,renal,cat,seed,v1_8_card_seed_not_real_world_evaluation
Q0309,猫没症状要不要体检,MVP-RENAL-003,renal,cat,seed,v1_8_card_seed_not_real_world_evaluation
Q0310,犬饮水和排尿持续增加,MVP-RENAL-004,renal,dog,seed,v1_8_card_seed_not_real_world_evaluation
Q0311,狗一直喝水尿多,MVP-RENAL-004,renal,dog,seed,v1_8_card_seed_not_real_world_evaluation
Q0312,狗最近尿特别多,MVP-RENAL-004,renal,dog,seed,v1_8_card_seed_not_real_world_evaluation
Q0313,犬慢性肾病可能出现的日常变化,MVP-RENAL-005,renal,dog,seed,v1_8_card_seed_not_real_world_evaluation
Q0314,狗肾不好有什么表现,MVP-RENAL-005,renal,dog,seed,v1_8_card_seed_not_real_world_evaluation
Q0315,老狗变瘦没精神,MVP-RENAL-005,renal,dog,seed,v1_8_card_seed_not_real_world_evaluation
Q0316,猫狗尿量突然明显减少,MVP-RENAL-006,renal,cat/dog,seed,v1_8_card_seed_not_real_world_evaluation
Q0317,宠物突然尿很少,MVP-RENAL-006,renal,cat/dog,seed,v1_8_card_seed_not_real_world_evaluation
Q0318,一天几乎没尿,MVP-RENAL-006,renal,cat/dog,seed,v1_8_card_seed_not_real_world_evaluation
Q0319,肾病宠物不能自行调整药物和处方粮,MVP-RENAL-007,renal,cat/dog,seed,v1_8_card_seed_not_real_world_evaluation
Q0320,肾病能自己换药吗,MVP-RENAL-007,renal,cat/dog,seed,v1_8_card_seed_not_real_world_evaluation
Q0321,肾粮不吃怎么办,MVP-RENAL-007,renal,cat/dog,seed,v1_8_card_seed_not_real_world_evaluation
Q0322,高风险品种猫的多囊肾关注点,MVP-RENAL-008,renal,cat,seed,v1_8_card_seed_not_real_world_evaluation
Q0323,波斯猫要查多囊肾吗,MVP-RENAL-008,renal,cat,seed,v1_8_card_seed_not_real_world_evaluation
Q0324,猫多囊肾有什么表现,MVP-RENAL-008,renal,cat,seed,v1_8_card_seed_not_real_world_evaluation
Q0325,老年猫体重下降但食欲很好,MVP-ENDO-001,endocrine,cat,seed,v1_8_card_seed_not_real_world_evaluation
Q0326,猫吃很多还变瘦,MVP-ENDO-001,endocrine,cat,seed,v1_8_card_seed_not_real_world_evaluation
Q0327,老猫很能吃却掉体重,MVP-ENDO-001,endocrine,cat,seed,v1_8_card_seed_not_real_world_evaluation
Q0328,猫甲状腺功能亢进的常见日常表现,MVP-ENDO-002,endocrine,cat,seed,v1_8_card_seed_not_real_world_evaluation
Q0329,猫甲亢有什么表现,MVP-ENDO-002,endocrine,cat,seed,v1_8_card_seed_not_real_world_evaluation
Q0330,老猫突然很亢奋,MVP-ENDO-002,endocrine,cat,seed,v1_8_card_seed_not_real_world_evaluation
Q0331,老年猫定期体检时关注甲状腺,MVP-ENDO-003,endocrine,cat,seed,v1_8_card_seed_not_real_world_evaluation
Q0332,老猫需要查甲状腺吗,MVP-ENDO-003,endocrine,cat,seed,v1_8_card_seed_not_real_world_evaluation
Q0333,猫甲亢筛查,MVP-ENDO-003,endocrine,cat,seed,v1_8_card_seed_not_real_world_evaluation
Q0334,犬变胖、怕冷并且精神下降,MVP-ENDO-004,endocrine,dog,seed,v1_8_card_seed_not_real_world_evaluation
Q0335,狗越来越胖又没精神,MVP-ENDO-004,endocrine,dog,seed,v1_8_card_seed_not_real_world_evaluation
Q0336,狗怕冷掉毛,MVP-ENDO-004,endocrine,dog,seed,v1_8_card_seed_not_real_world_evaluation
Q0337,不能只凭肥胖或掉毛判断犬甲减,MVP-ENDO-005,endocrine,dog,seed,v1_8_card_seed_not_real_world_evaluation
Q0338,狗胖就是甲减吗,MVP-ENDO-005,endocrine,dog,seed,v1_8_card_seed_not_real_world_evaluation
Q0339,掉毛是不是甲状腺问题,MVP-ENDO-005,endocrine,dog,seed,v1_8_card_seed_not_real_world_evaluation
Q0340,犬糖尿病常见的早期线索,MVP-ENDO-006,endocrine,dog,seed,v1_8_card_seed_not_real_world_evaluation
Q0341,狗喝水多还变瘦,MVP-ENDO-006,endocrine,dog,seed,v1_8_card_seed_not_real_world_evaluation
Q0342,狗糖尿病有什么表现,MVP-ENDO-006,endocrine,dog,seed,v1_8_card_seed_not_real_world_evaluation
Q0343,猫糖尿病可能出现的日常变化,MVP-ENDO-007,endocrine,cat,seed,v1_8_card_seed_not_real_world_evaluation
Q0344,猫喝水尿多还消瘦,MVP-ENDO-007,endocrine,cat,seed,v1_8_card_seed_not_real_world_evaluation
Q0345,猫糖尿病表现,MVP-ENDO-007,endocrine,cat,seed,v1_8_card_seed_not_real_world_evaluation
Q0346,疑似糖尿病宠物出现呕吐和精神差,MVP-ENDO-008,endocrine,cat/dog,seed,v1_8_card_seed_not_real_world_evaluation
Q0347,糖尿病宠物吐了没精神,MVP-ENDO-008,endocrine,cat/dog,seed,v1_8_card_seed_not_real_world_evaluation
Q0348,喝水多又呕吐,MVP-ENDO-008,endocrine,cat/dog,seed,v1_8_card_seed_not_real_world_evaluation
Q0349,接受降糖治疗宠物的低血糖警示,MVP-ENDO-009,endocrine,cat/dog,seed,v1_8_card_seed_not_real_world_evaluation
Q0350,打胰岛素后发抖,MVP-ENDO-009,endocrine,cat/dog,seed,v1_8_card_seed_not_real_world_evaluation
Q0351,糖尿病宠物突然站不稳,MVP-ENDO-009,endocrine,cat/dog,seed,v1_8_card_seed_not_real_world_evaluation
Q0352,多饮多尿不等于单一疾病,MVP-ENDO-010,endocrine,cat/dog,seed,v1_8_card_seed_not_real_world_evaluation
Q0353,宠物喝水多是什么病,MVP-ENDO-010,endocrine,cat/dog,seed,v1_8_card_seed_not_real_world_evaluation
Q0354,尿多是不是糖尿病,MVP-ENDO-010,endocrine,cat/dog,seed,v1_8_card_seed_not_real_world_evaluation
Q0355,犬体检发现心脏杂音但没有症状,MVP-CARD-001,cardiac,dog,seed,v1_8_card_seed_not_real_world_evaluation
Q0356,狗有心脏杂音怎么办,MVP-CARD-001,cardiac,dog,seed,v1_8_card_seed_not_real_world_evaluation
Q0357,有杂音但不咳嗽,MVP-CARD-001,cardiac,dog,seed,v1_8_card_seed_not_real_world_evaluation
Q0358,犬静息或睡眠呼吸变快,MVP-CARD-002,cardiac,dog,seed,v1_8_card_seed_not_real_world_evaluation
Q0359,狗睡觉呼吸很快,MVP-CARD-002,cardiac,dog,seed,v1_8_card_seed_not_real_world_evaluation
Q0360,心脏病狗喘得快,MVP-CARD-002,cardiac,dog,seed,v1_8_card_seed_not_real_world_evaluation
Q0361,犬咳嗽不一定都是心脏病,MVP-CARD-003,cardiac,dog,seed,v1_8_card_seed_not_real_world_evaluation
Q0362,狗咳嗽是不是心脏不好,MVP-CARD-003,cardiac,dog,seed,v1_8_card_seed_not_real_world_evaluation
Q0363,老狗咳嗽,MVP-CARD-003,cardiac,dog,seed,v1_8_card_seed_not_real_world_evaluation
Q0364,猫肥厚型心肌病可能没有明显症状,MVP-CARD-004,cardiac,cat,seed,v1_8_card_seed_not_real_world_evaluation
Q0365,猫心肌肥厚有什么表现,MVP-CARD-004,cardiac,cat,seed,v1_8_card_seed_not_real_world_evaluation
Q0366,猫心脏病平时看得出来吗,MVP-CARD-004,cardiac,cat,seed,v1_8_card_seed_not_real_world_evaluation
Q0367,猫静息呼吸加快需要警惕心肺问题,MVP-CARD-005,cardiac,cat,seed,v1_8_card_seed_not_real_world_evaluation
Q0368,猫睡觉呼吸快,MVP-CARD-005,cardiac,cat,seed,v1_8_card_seed_not_real_world_evaluation
Q0369,猫肚子起伏很大,MVP-CARD-005,cardiac,cat,seed,v1_8_card_seed_not_real_world_evaluation
Q0370,猫突然后肢疼痛或无法站立,MVP-CARD-006,cardiac,cat,seed,v1_8_card_seed_not_real_world_evaluation
Q0371,猫后腿突然瘫了,MVP-CARD-006,cardiac,cat,seed,v1_8_card_seed_not_real_world_evaluation
Q0372,猫后腿冰凉很痛,MVP-CARD-006,cardiac,cat,seed,v1_8_card_seed_not_real_world_evaluation
Q0373,犬短暂晕厥或倒地,MVP-CARD-007,cardiac,dog,seed,v1_8_card_seed_not_real_world_evaluation
Q0374,狗突然晕倒又醒了,MVP-CARD-007,cardiac,dog,seed,v1_8_card_seed_not_real_world_evaluation
Q0375,走路时突然倒下,MVP-CARD-007,cardiac,dog,seed,v1_8_card_seed_not_real_world_evaluation
Q0376,犬心脏病药物不能因症状变化自行增减,MVP-CARD-008,cardiac,dog,seed,v1_8_card_seed_not_real_world_evaluation
Q0377,狗心脏药能自己加量吗,MVP-CARD-008,cardiac,dog,seed,v1_8_card_seed_not_real_world_evaluation
Q0378,狗喘能不能多吃药,MVP-CARD-008,cardiac,dog,seed,v1_8_card_seed_not_real_world_evaluation
Q0379,犬胰腺炎可能出现哪些表现,MVP-PH-001,pancreatic_hepatobiliary,dog,seed,v1_8_card_seed_not_real_world_evaluation
Q0380,狗胰腺炎有什么表现,MVP-PH-001,pancreatic_hepatobiliary,dog,seed,v1_8_card_seed_not_real_world_evaluation
Q0381,狗又吐又不吃,MVP-PH-001,pancreatic_hepatobiliary,dog,seed,v1_8_card_seed_not_real_world_evaluation
Q0382,犬胰腺炎不一定都有明显腹痛,MVP-PH-002,pancreatic_hepatobiliary,dog,seed,v1_8_card_seed_not_real_world_evaluation
Q0383,狗不肚子疼会是胰腺炎吗,MVP-PH-002,pancreatic_hepatobiliary,dog,seed,v1_8_card_seed_not_real_world_evaluation
Q0384,只是不吃和拉稀,MVP-PH-002,pancreatic_hepatobiliary,dog,seed,v1_8_card_seed_not_real_world_evaluation
Q0385,犬长期消瘦并且粪便量多,MVP-PH-003,pancreatic_hepatobiliary,dog,seed,v1_8_card_seed_not_real_world_evaluation
Q0386,狗吃很多还消瘦拉很多,MVP-PH-003,pancreatic_hepatobiliary,dog,seed,v1_8_card_seed_not_real_world_evaluation
Q0387,狗大便量特别多,MVP-PH-003,pancreatic_hepatobiliary,dog,seed,v1_8_card_seed_not_real_world_evaluation
Q0388,犬肝胆疾病的非特异性表现,MVP-PH-004,pancreatic_hepatobiliary,dog,seed,v1_8_card_seed_not_real_world_evaluation
Q0389,狗肝不好有什么表现,MVP-PH-004,pancreatic_hepatobiliary,dog,seed,v1_8_card_seed_not_real_world_evaluation
Q0390,狗不吃没精神会是肝病吗,MVP-PH-004,pancreatic_hepatobiliary,dog,seed,v1_8_card_seed_not_real_world_evaluation
Q0391,犬出现黄疸,MVP-PH-005,pancreatic_hepatobiliary,dog,seed,v1_8_card_seed_not_real_world_evaluation
Q0392,狗眼白发黄,MVP-PH-005,pancreatic_hepatobiliary,dog,seed,v1_8_card_seed_not_real_world_evaluation
Q0393,狗牙龈或皮肤变黄,MVP-PH-005,pancreatic_hepatobiliary,dog,seed,v1_8_card_seed_not_real_world_evaluation
Q0394,犬腹部逐渐膨大疑似腹水,MVP-PH-006,pancreatic_hepatobiliary,dog,seed,v1_8_card_seed_not_real_world_evaluation
Q0395,狗肚子越来越大,MVP-PH-006,pancreatic_hepatobiliary,dog,seed,v1_8_card_seed_not_real_world_evaluation
Q0396,狗肚子像有水,MVP-PH-006,pancreatic_hepatobiliary,dog,seed,v1_8_card_seed_not_real_world_evaluation
Q0397,犬持续呕吐并伴腹部疼痛,MVP-PH-007,pancreatic_hepatobiliary,dog,seed,v1_8_card_seed_not_real_world_evaluation
Q0398,狗一直吐还肚子疼,MVP-PH-007,pancreatic_hepatobiliary,dog,seed,v1_8_card_seed_not_real_world_evaluation
Q0399,趴着不让碰肚子,MVP-PH-007,pancreatic_hepatobiliary,dog,seed,v1_8_card_seed_not_real_world_evaluation
Q0400,未完成免疫幼犬突然呕吐腹泻,MVP-INF-001,infectious,dog,seed,v1_8_card_seed_not_real_world_evaluation
Q0401,幼犬又吐又拉,MVP-INF-001,infectious,dog,seed,v1_8_card_seed_not_real_world_evaluation
Q0402,小狗可能得细小,MVP-INF-001,infectious,dog,seed,v1_8_card_seed_not_real_world_evaluation
Q0403,犬细小病毒的家庭隔离注意,MVP-INF-002,infectious,dog,seed,v1_8_card_seed_not_real_world_evaluation
Q0404,怀疑细小要隔离吗,MVP-INF-002,infectious,dog,seed,v1_8_card_seed_not_real_world_evaluation
Q0405,家里还有别的狗,MVP-INF-002,infectious,dog,seed,v1_8_card_seed_not_real_world_evaluation
Q0406,幼犬疫苗未完成时的高风险接触,MVP-INF-003,infectious,dog,seed,v1_8_card_seed_not_real_world_evaluation
Q0407,幼犬没打完疫苗能出门吗,MVP-INF-003,infectious,dog,seed,v1_8_card_seed_not_real_world_evaluation
Q0408,接触病狗怎么办,MVP-INF-003,infectious,dog,seed,v1_8_card_seed_not_real_world_evaluation
Q0409,幼猫突然发热、呕吐和严重腹泻,MVP-INF-004,infectious,cat,seed,v1_8_card_seed_not_real_world_evaluation
Q0410,幼猫又吐又拉没精神,MVP-INF-004,infectious,cat,seed,v1_8_card_seed_not_real_world_evaluation
Q0411,猫瘟有什么表现,MVP-INF-004,infectious,cat,seed,v1_8_card_seed_not_real_world_evaluation
Q0412,新领养猫什么时候考虑FeLV/FIV检测,MVP-INF-005,infectious,cat,seed,v1_8_card_seed_not_real_world_evaluation
Q0413,新猫要查猫白血病吗,MVP-INF-005,infectious,cat,seed,v1_8_card_seed_not_real_world_evaluation
Q0414,新猫需要查猫艾滋吗,MVP-INF-005,infectious,cat,seed,v1_8_card_seed_not_real_world_evaluation
Q0415,猫白血病病毒感染可能表现很不典型,MVP-INF-006,infectious,cat,seed,v1_8_card_seed_not_real_world_evaluation
Q0416,FeLV猫有什么表现,MVP-INF-006,infectious,cat,seed,v1_8_card_seed_not_real_world_evaluation
Q0417,猫总是生病是不是白血病,MVP-INF-006,infectious,cat,seed,v1_8_card_seed_not_real_world_evaluation
Q0418,猫打斗和FIV暴露风险,MVP-INF-007,infectious,cat,seed,v1_8_card_seed_not_real_world_evaluation
Q0419,猫打架会得猫艾滋吗,MVP-INF-007,infectious,cat,seed,v1_8_card_seed_not_real_world_evaluation
Q0420,被外面的猫咬了,MVP-INF-007,infectious,cat,seed,v1_8_card_seed_not_real_world_evaluation
Q0421,不能根据外观判断猫是否感染FeLV或FIV,MVP-INF-008,infectious,cat,seed,v1_8_card_seed_not_real_world_evaluation
Q0422,看起来健康会有猫白血病吗,MVP-INF-008,infectious,cat,seed,v1_8_card_seed_not_real_world_evaluation
Q0423,猫艾滋能看出来吗,MVP-INF-008,infectious,cat,seed,v1_8_card_seed_not_real_world_evaluation
Q0424,犬发热呕吐并出现黄疸,MVP-INF-009,infectious,dog,seed,v1_8_card_seed_not_real_world_evaluation
Q0425,狗发烧吐还黄,MVP-INF-009,infectious,dog,seed,v1_8_card_seed_not_real_world_evaluation
Q0426,狗会不会钩端螺旋体,MVP-INF-009,infectious,dog,seed,v1_8_card_seed_not_real_world_evaluation
Q0427,疑似钩端螺旋体病时的家庭防护,MVP-INF-010,infectious,dog,seed,v1_8_card_seed_not_real_world_evaluation
Q0428,狗钩体会传人吗,MVP-INF-010,infectious,dog,seed,v1_8_card_seed_not_real_world_evaluation
Q0429,狗尿要怎么处理,MVP-INF-010,infectious,dog,seed,v1_8_card_seed_not_real_world_evaluation
Q0430,猫反复咳嗽或喘鸣可能与哮喘有关,MVP-RESP-004,respiratory,cat,seed,v1_8_card_seed_not_real_world_evaluation
Q0431,猫像咳毛一样一直咳,MVP-RESP-004,respiratory,cat,seed,v1_8_card_seed_not_real_world_evaluation
Q0432,猫喘鸣,MVP-RESP-004,respiratory,cat,seed,v1_8_card_seed_not_real_world_evaluation
Q0433,猫哮喘样发作时不能只等拍视频,MVP-RESP-005,respiratory,cat,seed,v1_8_card_seed_not_real_world_evaluation
Q0434,猫喘得厉害要不要先录像,MVP-RESP-005,respiratory,cat,seed,v1_8_card_seed_not_real_world_evaluation
Q0435,猫呼吸急促,MVP-RESP-005,respiratory,cat,seed,v1_8_card_seed_not_real_world_evaluation
Q0436,短头犬长期打鼾和呼吸噪音不是完全正常,MVP-RESP-006,respiratory,dog,seed,v1_8_card_seed_not_real_world_evaluation
Q0437,法斗打呼噜正常吗,MVP-RESP-006,respiratory,dog,seed,v1_8_card_seed_not_real_world_evaluation
Q0438,巴哥呼吸声音很大,MVP-RESP-006,respiratory,dog,seed,v1_8_card_seed_not_real_world_evaluation
Q0439,短头犬运动和高温耐受差,MVP-RESP-007,respiratory,dog,seed,v1_8_card_seed_not_real_world_evaluation
Q0440,法斗一运动就喘,MVP-RESP-007,respiratory,dog,seed,v1_8_card_seed_not_real_world_evaluation
Q0441,短鼻狗怕热,MVP-RESP-007,respiratory,dog,seed,v1_8_card_seed_not_real_world_evaluation
Q0442,短头犬睡眠中出现憋气或频繁惊醒,MVP-RESP-008,respiratory,dog,seed,v1_8_card_seed_not_real_world_evaluation
Q0443,狗睡觉像憋住了,MVP-RESP-008,respiratory,dog,seed,v1_8_card_seed_not_real_world_evaluation
Q0444,法斗睡觉总惊醒,MVP-RESP-008,respiratory,dog,seed,v1_8_card_seed_not_real_world_evaluation
Q0445,猫呼吸困难的原因不能只按哮喘处理,MVP-RESP-009,respiratory,cat,seed,v1_8_card_seed_not_real_world_evaluation
Q0446,猫喘就是哮喘吗,MVP-RESP-009,respiratory,cat,seed,v1_8_card_seed_not_real_world_evaluation
Q0447,猫呼吸很费力,MVP-RESP-009,respiratory,cat,seed,v1_8_card_seed_not_real_world_evaluation
Q0448,如何记录犬的静息呼吸变化,MVP-RESP-010,respiratory,dog,seed,v1_8_card_seed_not_real_world_evaluation
Q0449,怎么数狗呼吸,MVP-RESP-010,respiratory,dog,seed,v1_8_card_seed_not_real_world_evaluation
Q0450,狗睡觉呼吸多少算异常,MVP-RESP-010,respiratory,dog,seed,v1_8_card_seed_not_real_world_evaluation
Q0451,未绝育母犬发情后精神差并喝水增多,MVP-REPRO-001,reproductive,dog,seed,v1_8_card_seed_not_real_world_evaluation
Q0452,母狗发情后不吃没精神,MVP-REPRO-001,reproductive,dog,seed,v1_8_card_seed_not_real_world_evaluation
Q0453,没绝育母狗喝水多,MVP-REPRO-001,reproductive,dog,seed,v1_8_card_seed_not_real_world_evaluation
Q0454,未绝育母犬出现脓性阴道分泌物,MVP-REPRO-002,reproductive,dog,seed,v1_8_card_seed_not_real_world_evaluation
Q0455,母狗下面流脓,MVP-REPRO-002,reproductive,dog,seed,v1_8_card_seed_not_real_world_evaluation
Q0456,发情后有臭味分泌物,MVP-REPRO-002,reproductive,dog,seed,v1_8_card_seed_not_real_world_evaluation
Q0457,子宫蓄脓可能没有阴道分泌物,MVP-REPRO-003,reproductive,dog,seed,v1_8_card_seed_not_real_world_evaluation
Q0458,母狗没流脓会有子宫蓄脓吗,MVP-REPRO-003,reproductive,dog,seed,v1_8_card_seed_not_real_world_evaluation
Q0459,没绝育母狗突然不吃,MVP-REPRO-003,reproductive,dog,seed,v1_8_card_seed_not_real_world_evaluation
Q0460,未绝育母猫出现发热、分泌物或腹部异常,MVP-REPRO-004,reproductive,cat,seed,v1_8_card_seed_not_real_world_evaluation
Q0461,母猫下面有分泌物,MVP-REPRO-004,reproductive,cat,seed,v1_8_card_seed_not_real_world_evaluation
Q0462,母猫没绝育突然不吃,MVP-REPRO-004,reproductive,cat,seed,v1_8_card_seed_not_real_world_evaluation
Q0463,猫狗出现圆形脱毛和皮屑,MVP-DERM-008,dermatology,cat/dog,seed,v1_8_card_seed_not_real_world_evaluation
Q0464,宠物身上圆形掉毛,MVP-DERM-008,dermatology,cat/dog,seed,v1_8_card_seed_not_real_world_evaluation
Q0465,猫狗像长癣,MVP-DERM-008,dermatology,cat/dog,seed,v1_8_card_seed_not_real_world_evaluation
Q0466,疑似宠物皮肤癣菌病需要注意人宠传播,MVP-DERM-009,dermatology,cat/dog,seed,v1_8_card_seed_not_real_world_evaluation
Q0467,猫癣会传人吗,MVP-DERM-009,dermatology,cat/dog,seed,v1_8_card_seed_not_real_world_evaluation
Q0468,狗癣家里怎么防,MVP-DERM-009,dermatology,cat/dog,seed,v1_8_card_seed_not_real_world_evaluation
Q0469,不能只凭照片确定猫癣或狗癣,MVP-DERM-010,dermatology,cat/dog,seed,v1_8_card_seed_not_real_world_evaluation
Q0470,看照片能确定猫癣吗,MVP-DERM-010,dermatology,cat/dog,seed,v1_8_card_seed_not_real_world_evaluation
Q0471,圆形掉毛一定是真菌吗,MVP-DERM-010,dermatology,cat/dog,seed,v1_8_card_seed_not_real_world_evaluation
Q0472,犬猫第一次出现抽搐,MVP-NEURO-001,neurologic,cat/dog,seed,v1_8_card_seed_not_real_world_evaluation
Q0473,宠物第一次抽搐,MVP-NEURO-001,neurologic,cat/dog,seed,v1_8_card_seed_not_real_world_evaluation
Q0474,猫狗突然倒地抽动,MVP-NEURO-001,neurologic,cat/dog,seed,v1_8_card_seed_not_real_world_evaluation
Q0475,宠物抽搐时应该记录什么,MVP-NEURO-002,neurologic,cat/dog,seed,v1_8_card_seed_not_real_world_evaluation
Q0476,抽搐怎么记录给医生,MVP-NEURO-002,neurologic,cat/dog,seed,v1_8_card_seed_not_real_world_evaluation
Q0477,癫痫发作要拍什么,MVP-NEURO-002,neurologic,cat/dog,seed,v1_8_card_seed_not_real_world_evaluation
Q0478,短时间内连续多次抽搐,MVP-NEURO-003,neurologic,cat/dog,seed,v1_8_card_seed_not_real_world_evaluation
Q0479,一天抽了好几次,MVP-NEURO-003,neurologic,cat/dog,seed,v1_8_card_seed_not_real_world_evaluation
Q0480,刚抽完又抽,MVP-NEURO-003,neurologic,cat/dog,seed,v1_8_card_seed_not_real_world_evaluation
Q0481,猫吃东西时突然掉食或偏一侧咀嚼,MVP-ORAL-005,oral,cat,seed,v1_8_card_seed_not_real_world_evaluation
Q0482,猫吃饭总掉出来,MVP-ORAL-005,oral,cat,seed,v1_8_card_seed_not_real_world_evaluation
Q0483,猫只用一边吃,MVP-ORAL-005,oral,cat,seed,v1_8_card_seed_not_real_world_evaluation
Q0484,猫牙吸收可能有哪些表现,MVP-ORAL-006,oral,cat,seed,v1_8_card_seed_not_real_world_evaluation
Q0485,猫牙齿像缺了一块,MVP-ORAL-006,oral,cat,seed,v1_8_card_seed_not_real_world_evaluation
Q0486,猫牙吸收症状,MVP-ORAL-006,oral,cat,seed,v1_8_card_seed_not_real_world_evaluation
Q0487,猫口腔大面积发红并流口水,MVP-ORAL-007,oral,cat,seed,v1_8_card_seed_not_real_world_evaluation
Q0488,猫嘴巴很红一直流口水,MVP-ORAL-007,oral,cat,seed,v1_8_card_seed_not_real_world_evaluation
Q0489,猫口炎,MVP-ORAL-007,oral,cat,seed,v1_8_card_seed_not_real_world_evaluation
Q0490,犬牙齿松动或牙龈退缩,MVP-ORAL-008,oral,dog,seed,v1_8_card_seed_not_real_world_evaluation
Q0491,狗牙齿松了,MVP-ORAL-008,oral,dog,seed,v1_8_card_seed_not_real_world_evaluation
Q0492,狗牙根露出来,MVP-ORAL-008,oral,dog,seed,v1_8_card_seed_not_real_world_evaluation
Q0493,犬猫口腔外伤或牙齿缺损伴疼痛,MVP-ORAL-009,oral,cat/dog,seed,v1_8_card_seed_not_real_world_evaluation
Q0494,宠物牙断了,MVP-ORAL-009,oral,cat/dog,seed,v1_8_card_seed_not_real_world_evaluation
Q0495,犬齿崩了一块,MVP-ORAL-009,oral,cat/dog,seed,v1_8_card_seed_not_real_world_evaluation
Q0496,幼犬乳牙没有脱落,MVP-ORAL-010,oral,dog,seed,v1_8_card_seed_not_real_world_evaluation
Q0497,狗双排牙,MVP-ORAL-010,oral,dog,seed,v1_8_card_seed_not_real_world_evaluation
Q0498,幼犬乳牙还在,MVP-ORAL-010,oral,dog,seed,v1_8_card_seed_not_real_world_evaluation
Q0499,犬刷牙时牙龈出血,MVP-ORAL-011,oral,dog,seed,v1_8_card_seed_not_real_world_evaluation
Q0500,给宠物刷牙出血,MVP-ORAL-011,oral,dog,seed,v1_8_card_seed_not_real_world_evaluation
Q0501,牙龈一碰就流血,MVP-ORAL-011,oral,dog,seed,v1_8_card_seed_not_real_world_evaluation
Q0502,犬猫口腔里发现肿块,MVP-ORAL-012,oral,cat/dog,seed,v1_8_card_seed_not_real_world_evaluation
Q0503,宠物嘴里长包,MVP-ORAL-012,oral,cat/dog,seed,v1_8_card_seed_not_real_world_evaluation
Q0504,牙龈有个肉球,MVP-ORAL-012,oral,cat/dog,seed,v1_8_card_seed_not_real_world_evaluation
Q0505,犬频繁啃硬物导致牙齿风险,MVP-ORAL-013,oral,dog,seed,v1_8_card_seed_not_real_world_evaluation
Q0506,狗爱咬很硬的骨头,MVP-ORAL-013,oral,dog,seed,v1_8_card_seed_not_real_world_evaluation
Q0507,咬硬玩具会断牙吗,MVP-ORAL-013,oral,dog,seed,v1_8_card_seed_not_real_world_evaluation
Q0508,宠物口臭突然明显加重,MVP-ORAL-014,oral,cat/dog,seed,v1_8_card_seed_not_real_world_evaluation
Q0509,宠物突然特别口臭,MVP-ORAL-014,oral,cat/dog,seed,v1_8_card_seed_not_real_world_evaluation
Q0510,嘴巴臭得不正常,MVP-ORAL-014,oral,cat/dog,seed,v1_8_card_seed_not_real_world_evaluation
Q0511,犬皮肤出现脓疱和环形皮屑,MVP-DERM-011,dermatology,dog,seed,v1_8_card_seed_not_real_world_evaluation
Q0512,狗身上有小脓包,MVP-DERM-011,dermatology,dog,seed,v1_8_card_seed_not_real_world_evaluation
Q0513,皮肤一圈圈脱屑,MVP-DERM-011,dermatology,dog,seed,v1_8_card_seed_not_real_world_evaluation
Q0514,犬反复脓皮症不能只重复用药,MVP-DERM-012,dermatology,dog,seed,v1_8_card_seed_not_real_world_evaluation
Q0515,狗皮肤感染总复发,MVP-DERM-012,dermatology,dog,seed,v1_8_card_seed_not_real_world_evaluation
Q0516,脓皮症好了又来,MVP-DERM-012,dermatology,dog,seed,v1_8_card_seed_not_real_world_evaluation
Q0517,犬皮肤油腻有酸臭味,MVP-DERM-013,dermatology,dog,seed,v1_8_card_seed_not_real_world_evaluation
Q0518,狗身上油油的很臭,MVP-DERM-013,dermatology,dog,seed,v1_8_card_seed_not_real_world_evaluation
Q0519,皮肤像有酵母味,MVP-DERM-013,dermatology,dog,seed,v1_8_card_seed_not_real_world_evaluation
Q0520,犬脚趾间红肿并反复舔咬,MVP-DERM-014,dermatology,dog,seed,v1_8_card_seed_not_real_world_evaluation
Q0521,狗趾间红一直舔,MVP-DERM-014,dermatology,dog,seed,v1_8_card_seed_not_real_world_evaluation
Q0522,脚缝肿了,MVP-DERM-014,dermatology,dog,seed,v1_8_card_seed_not_real_world_evaluation
Q0523,犬突然出现湿润渗液的热斑,MVP-DERM-015,dermatology,dog,seed,v1_8_card_seed_not_real_world_evaluation
Q0524,狗皮肤突然湿烂一块,MVP-DERM-015,dermatology,dog,seed,v1_8_card_seed_not_real_world_evaluation
Q0525,狗热斑,MVP-DERM-015,dermatology,dog,seed,v1_8_card_seed_not_real_world_evaluation
Q0526,犬尾根部剧烈瘙痒和掉毛,MVP-DERM-016,dermatology,dog,seed,v1_8_card_seed_not_real_world_evaluation
Q0527,狗尾巴根一直咬,MVP-DERM-016,dermatology,dog,seed,v1_8_card_seed_not_real_world_evaluation
Q0528,尾根掉毛很痒,MVP-DERM-016,dermatology,dog,seed,v1_8_card_seed_not_real_world_evaluation
Q0529,猫身体出现粟粒样小结痂,MVP-DERM-017,dermatology,cat,seed,v1_8_card_seed_not_real_world_evaluation
Q0530,猫背上很多小痂,MVP-DERM-017,dermatology,cat,seed,v1_8_card_seed_not_real_world_evaluation
Q0531,摸起来一粒一粒的,MVP-DERM-017,dermatology,cat,seed,v1_8_card_seed_not_real_world_evaluation
Q0532,猫脸部耳缘圆形脱毛结痂需检查,MVP-DERM-018,dermatology,cat,seed,v1_8_card_seed_not_real_world_evaluation
Q0533,猫耳朵脸上很多痂,MVP-DERM-018,dermatology,cat,seed,v1_8_card_seed_not_real_world_evaluation
Q0534,猫脸掉毛结痂,MVP-DERM-018,dermatology,cat,seed,v1_8_card_seed_not_real_world_evaluation
Q0535,犬皮肤反复感染时为什么要做细胞学,MVP-DERM-019,dermatology,dog,seed,v1_8_card_seed_not_real_world_evaluation
Q0536,皮肤感染为什么要取样,MVP-DERM-019,dermatology,dog,seed,v1_8_card_seed_not_real_world_evaluation
Q0537,能不能直接吃消炎药,MVP-DERM-019,dermatology,dog,seed,v1_8_card_seed_not_real_world_evaluation
Q0538,怀疑食物过敏不能只靠一次换粮,MVP-DERM-020,dermatology,cat/dog,seed,v1_8_card_seed_not_real_world_evaluation
Q0539,换个粮能测食物过敏吗,MVP-DERM-020,dermatology,cat/dog,seed,v1_8_card_seed_not_real_world_evaluation
Q0540,宠物是不是对鸡肉过敏,MVP-DERM-020,dermatology,cat/dog,seed,v1_8_card_seed_not_real_world_evaluation
Q0541,犬腹部腋下反复发红瘙痒,MVP-DERM-021,dermatology,dog,seed,v1_8_card_seed_not_real_world_evaluation
Q0542,狗肚皮红一直挠,MVP-DERM-021,dermatology,dog,seed,v1_8_card_seed_not_real_world_evaluation
Q0543,腋下反复红,MVP-DERM-021,dermatology,dog,seed,v1_8_card_seed_not_real_world_evaluation
Q0544,猫接种或用药后突然脸肿或出现全身反应,MVP-DERM-022,dermatology,cat,seed,v1_8_card_seed_not_real_world_evaluation
Q0545,宠物突然起包脸肿,MVP-DERM-022,dermatology,cat,seed,v1_8_card_seed_not_real_world_evaluation
Q0546,全身像荨麻疹,MVP-DERM-022,dermatology,cat,seed,v1_8_card_seed_not_real_world_evaluation
Q0547,猫眼睛突然大量流泪并眯眼,MVP-EYE-007,eye,cat,seed,v1_8_card_seed_not_real_world_evaluation
Q0548,猫一只眼一直流泪,MVP-EYE-007,eye,cat,seed,v1_8_card_seed_not_real_world_evaluation
Q0549,猫突然睁不开眼,MVP-EYE-007,eye,cat,seed,v1_8_card_seed_not_real_world_evaluation
Q0550,猫角膜溃疡需要按时复查,MVP-EYE-008,eye,cat,seed,v1_8_card_seed_not_real_world_evaluation
Q0551,猫角膜溃疡多久复查,MVP-EYE-008,eye,cat,seed,v1_8_card_seed_not_real_world_evaluation
Q0552,眼睛好点能停药吗,MVP-EYE-008,eye,cat,seed,v1_8_card_seed_not_real_world_evaluation
Q0553,短头犬眼球突出容易受伤,MVP-EYE-009,eye,dog,seed,v1_8_card_seed_not_real_world_evaluation
Q0554,巴哥眼睛容易受伤吗,MVP-EYE-009,eye,dog,seed,v1_8_card_seed_not_real_world_evaluation
Q0555,法斗总揉眼,MVP-EYE-009,eye,dog,seed,v1_8_card_seed_not_real_world_evaluation
Q0556,犬眼睛干涩并有黏稠分泌物,MVP-EYE-010,eye,dog,seed,v1_8_card_seed_not_real_world_evaluation
Q0557,狗眼睛很干有黄绿色眼屎,MVP-EYE-010,eye,dog,seed,v1_8_card_seed_not_real_world_evaluation
Q0558,狗干眼症,MVP-EYE-010,eye,dog,seed,v1_8_card_seed_not_real_world_evaluation
Q0559,猫两只瞳孔大小突然不一样,MVP-EYE-011,eye,cat,seed,v1_8_card_seed_not_real_world_evaluation
Q0560,一只瞳孔大一只小,MVP-EYE-011,eye,cat,seed,v1_8_card_seed_not_real_world_evaluation
Q0561,宠物大小眼,MVP-EYE-011,eye,cat,seed,v1_8_card_seed_not_real_world_evaluation
Q0562,犬内眼角出现红色圆形组织,MVP-EYE-012,eye,dog,seed,v1_8_card_seed_not_real_world_evaluation
Q0563,狗眼角有红色肉球,MVP-EYE-012,eye,dog,seed,v1_8_card_seed_not_real_world_evaluation
Q0564,狗第三眼睑腺脱出,MVP-EYE-012,eye,dog,seed,v1_8_card_seed_not_real_world_evaluation
Q0565,犬眼睛突然出现蓝白色浑浊,MVP-EYE-013,eye,dog,seed,v1_8_card_seed_not_real_world_evaluation
Q0566,狗眼睛突然变白,MVP-EYE-013,eye,dog,seed,v1_8_card_seed_not_real_world_evaluation
Q0567,角膜蓝蓝的,MVP-EYE-013,eye,dog,seed,v1_8_card_seed_not_real_world_evaluation
Q0568,猫眼鼻分泌物不能只按颜色判断是否细菌感染,MVP-EYE-014,eye,cat,seed,v1_8_card_seed_not_real_world_evaluation
Q0569,黄眼屎就是细菌感染吗,MVP-EYE-014,eye,cat,seed,v1_8_card_seed_not_real_world_evaluation
Q0570,要不要点抗生素眼药,MVP-EYE-014,eye,cat,seed,v1_8_card_seed_not_real_world_evaluation
Q0571,犬外耳炎反复发作,MVP-EAR-004,ear,dog,seed,v1_8_card_seed_not_real_world_evaluation
Q0572,狗耳炎总复发,MVP-EAR-004,ear,dog,seed,v1_8_card_seed_not_real_world_evaluation
Q0573,耳朵好了又臭,MVP-EAR-004,ear,dog,seed,v1_8_card_seed_not_real_world_evaluation
Q0574,犬耳廓突然鼓起像水袋,MVP-EAR-005,ear,dog,seed,v1_8_card_seed_not_real_world_evaluation
Q0575,狗耳朵肿成包,MVP-EAR-005,ear,dog,seed,v1_8_card_seed_not_real_world_evaluation
Q0576,耳廓像装水,MVP-EAR-005,ear,dog,seed,v1_8_card_seed_not_real_world_evaluation
Q0577,散步后犬单侧突然甩头需排查耳道异物,MVP-EAR-006,ear,dog,seed,v1_8_card_seed_not_real_world_evaluation
Q0578,狗散步后突然甩一边耳朵,MVP-EAR-006,ear,dog,seed,v1_8_card_seed_not_real_world_evaluation
Q0579,耳朵进草籽了,MVP-EAR-006,ear,dog,seed,v1_8_card_seed_not_real_world_evaluation
Q0580,猫耳缘结痂脱毛不一定只是耳螨,MVP-EAR-007,ear,cat,seed,v1_8_card_seed_not_real_world_evaluation
Q0581,猫耳朵边缘有痂,MVP-EAR-007,ear,cat,seed,v1_8_card_seed_not_real_world_evaluation
Q0582,耳尖掉毛,MVP-EAR-007,ear,cat,seed,v1_8_card_seed_not_real_world_evaluation
Q0583,宠物耳道疼痛时先检查再清洁,MVP-EAR-008,ear,dog,seed,v1_8_card_seed_not_real_world_evaluation
Q0584,能用棉签给宠物掏耳朵吗,MVP-EAR-008,ear,dog,seed,v1_8_card_seed_not_real_world_evaluation
Q0585,耳朵很脏怎么挖,MVP-EAR-008,ear,dog,seed,v1_8_card_seed_not_real_world_evaluation
Q0586,耳病伴头歪或走路不稳,MVP-EAR-009,ear,cat/dog,seed,v1_8_card_seed_not_real_world_evaluation
Q0587,宠物耳朵不舒服还头歪,MVP-EAR-009,ear,cat/dog,seed,v1_8_card_seed_not_real_world_evaluation
Q0588,走路东倒西歪,MVP-EAR-009,ear,cat/dog,seed,v1_8_card_seed_not_real_world_evaluation
Q0589,新生幼犬幼猫不吃奶,MVP-PED-001,pediatrics,cat/dog,seed,v1_8_card_seed_not_real_world_evaluation
Q0590,刚出生的小猫不吃奶,MVP-PED-001,pediatrics,cat/dog,seed,v1_8_card_seed_not_real_world_evaluation
Q0591,新生小狗不吸奶,MVP-PED-001,pediatrics,cat/dog,seed,v1_8_card_seed_not_real_world_evaluation
Q0592,新生幼犬体重不增加,MVP-PED-002,pediatrics,dog,seed,v1_8_card_seed_not_real_world_evaluation
Q0593,小狗出生后不长体重,MVP-PED-002,pediatrics,dog,seed,v1_8_card_seed_not_real_world_evaluation
Q0594,幼犬每天都没增重,MVP-PED-002,pediatrics,dog,seed,v1_8_card_seed_not_real_world_evaluation
Q0595,新生幼犬幼猫持续尖叫,MVP-PED-003,pediatrics,cat/dog,seed,v1_8_card_seed_not_real_world_evaluation
Q0596,刚出生一直叫,MVP-PED-003,pediatrics,cat/dog,seed,v1_8_card_seed_not_real_world_evaluation
Q0597,一窝里有一只总叫,MVP-PED-003,pediatrics,cat/dog,seed,v1_8_card_seed_not_real_world_evaluation
Q0598,新生幼犬幼猫身体发凉,MVP-PED-004,pediatrics,cat/dog,seed,v1_8_card_seed_not_real_world_evaluation
Q0599,小奶猫身体冰凉,MVP-PED-004,pediatrics,cat/dog,seed,v1_8_card_seed_not_real_world_evaluation
Q0600,刚出生小狗温度低,MVP-PED-004,pediatrics,cat/dog,seed,v1_8_card_seed_not_real_world_evaluation
Q0601,幼犬幼猫断奶期软便,MVP-PED-005,pediatrics,cat/dog,seed,v1_8_card_seed_not_real_world_evaluation
Q0602,小狗断奶后拉软便,MVP-PED-005,pediatrics,cat/dog,seed,v1_8_card_seed_not_real_world_evaluation
Q0603,幼猫换奶粮腹泻,MVP-PED-005,pediatrics,cat/dog,seed,v1_8_card_seed_not_real_world_evaluation
Q0604,幼犬幼猫如何安全过渡到固体食物,MVP-PED-006,pediatrics,cat/dog,seed,v1_8_card_seed_not_real_world_evaluation
Q0605,幼猫什么时候吃猫粮,MVP-PED-006,pediatrics,cat/dog,seed,v1_8_card_seed_not_real_world_evaluation
Q0606,幼犬怎么断奶,MVP-PED-006,pediatrics,cat/dog,seed,v1_8_card_seed_not_real_world_evaluation
Q0607,幼犬换牙期啃咬增多,MVP-PED-007,pediatrics,dog,seed,v1_8_card_seed_not_real_world_evaluation
Q0608,幼犬换牙一直咬东西,MVP-PED-007,pediatrics,dog,seed,v1_8_card_seed_not_real_world_evaluation
Q0609,小狗牙痒,MVP-PED-007,pediatrics,dog,seed,v1_8_card_seed_not_real_world_evaluation
Q0610,幼猫换牙期持续口臭或牙龈发红需检查,MVP-PED-008,pediatrics,cat,seed,v1_8_card_seed_not_real_world_evaluation
Q0611,幼猫换牙口臭,MVP-PED-008,pediatrics,cat,seed,v1_8_card_seed_not_real_world_evaluation
Q0612,小猫牙龈红,MVP-PED-008,pediatrics,cat,seed,v1_8_card_seed_not_real_world_evaluation
Q0613,幼犬幼猫肚脐鼓包需检查,MVP-PED-009,pediatrics,cat/dog,seed,v1_8_card_seed_not_real_world_evaluation
Q0614,小猫肚脐有个包,MVP-PED-009,pediatrics,cat/dog,seed,v1_8_card_seed_not_real_world_evaluation
Q0615,幼犬脐疝,MVP-PED-009,pediatrics,cat/dog,seed,v1_8_card_seed_not_real_world_evaluation
Q0616,幼犬幼猫体重增长过慢,MVP-PED-010,pediatrics,cat/dog,seed,v1_8_card_seed_not_real_world_evaluation
Q0617,幼猫长不大,MVP-PED-010,pediatrics,cat/dog,seed,v1_8_card_seed_not_real_world_evaluation
Q0618,小狗比同窝瘦很多,MVP-PED-010,pediatrics,cat/dog,seed,v1_8_card_seed_not_real_world_evaluation
Q0619,幼犬幼猫生病后疫苗是否延后,MVP-PED-011,pediatrics,cat/dog,seed,v1_8_card_seed_not_real_world_evaluation
Q0620,拉肚子还能打疫苗吗,MVP-PED-011,pediatrics,cat/dog,seed,v1_8_card_seed_not_real_world_evaluation
Q0621,感冒了能不能打针,MVP-PED-011,pediatrics,cat/dog,seed,v1_8_card_seed_not_real_world_evaluation
Q0622,幼犬幼猫社会化不能忽视传染病风险,MVP-PED-012,pediatrics,cat/dog,seed,v1_8_card_seed_not_real_world_evaluation
Q0623,没打完疫苗怎么社会化,MVP-PED-012,pediatrics,cat/dog,seed,v1_8_card_seed_not_real_world_evaluation
Q0624,幼犬能不能见别的狗,MVP-PED-012,pediatrics,cat/dog,seed,v1_8_card_seed_not_real_world_evaluation
Q0625,老年犬夜间醒来走动或叫,MVP-SENIOR-001,senior_cognitive,dog,seed,v1_8_card_seed_not_real_world_evaluation
Q0626,老狗晚上不睡一直走,MVP-SENIOR-001,senior_cognitive,dog,seed,v1_8_card_seed_not_real_world_evaluation
Q0627,老狗半夜叫,MVP-SENIOR-001,senior_cognitive,dog,seed,v1_8_card_seed_not_real_world_evaluation
Q0628,老年犬在熟悉环境中迷路,MVP-SENIOR-002,senior_cognitive,dog,seed,v1_8_card_seed_not_real_world_evaluation
Q0629,老狗在家找不到门,MVP-SENIOR-002,senior_cognitive,dog,seed,v1_8_card_seed_not_real_world_evaluation
Q0630,对着墙发呆,MVP-SENIOR-002,senior_cognitive,dog,seed,v1_8_card_seed_not_real_world_evaluation
Q0631,老年犬突然开始在家排泄,MVP-SENIOR-003,senior_cognitive,dog,seed,v1_8_card_seed_not_real_world_evaluation
Q0632,老狗突然在家尿,MVP-SENIOR-003,senior_cognitive,dog,seed,v1_8_card_seed_not_real_world_evaluation
Q0633,以前会定点现在不会,MVP-SENIOR-003,senior_cognitive,dog,seed,v1_8_card_seed_not_real_world_evaluation
Q0634,老年犬与家人互动明显减少,MVP-SENIOR-004,senior_cognitive,dog,seed,v1_8_card_seed_not_real_world_evaluation
Q0635,老狗不理人了,MVP-SENIOR-004,senior_cognitive,dog,seed,v1_8_card_seed_not_real_world_evaluation
Q0636,老狗变得很孤僻,MVP-SENIOR-004,senior_cognitive,dog,seed,v1_8_card_seed_not_real_world_evaluation
Q0637,老年猫夜间大声叫,MVP-SENIOR-005,senior_cognitive,cat,seed,v1_8_card_seed_not_real_world_evaluation
Q0638,老猫晚上一直叫,MVP-SENIOR-005,senior_cognitive,cat,seed,v1_8_card_seed_not_real_world_evaluation
Q0639,老猫半夜嚎叫,MVP-SENIOR-005,senior_cognitive,cat,seed,v1_8_card_seed_not_real_world_evaluation
Q0640,老年猫在熟悉家中显得迷茫,MVP-SENIOR-006,senior_cognitive,cat,seed,v1_8_card_seed_not_real_world_evaluation
Q0641,老猫像不认识家,MVP-SENIOR-006,senior_cognitive,cat,seed,v1_8_card_seed_not_real_world_evaluation
Q0642,猫对着墙发呆,MVP-SENIOR-006,senior_cognitive,cat,seed,v1_8_card_seed_not_real_world_evaluation
Q0643,老年宠物行为变化先排除疼痛和疾病,MVP-SENIOR-007,senior_cognitive,cat/dog,seed,v1_8_card_seed_not_real_world_evaluation
Q0644,老了性格变了正常吗,MVP-SENIOR-007,senior_cognitive,cat/dog,seed,v1_8_card_seed_not_real_world_evaluation
Q0645,老年宠物突然脾气差,MVP-SENIOR-007,senior_cognitive,cat/dog,seed,v1_8_card_seed_not_real_world_evaluation
Q0646,老年认知变化如何做家庭记录,MVP-SENIOR-008,senior_cognitive,cat/dog,seed,v1_8_card_seed_not_real_world_evaluation
Q0647,宠物老年痴呆怎么记录,MVP-SENIOR-008,senior_cognitive,cat/dog,seed,v1_8_card_seed_not_real_world_evaluation
Q0648,要观察哪些行为,MVP-SENIOR-008,senior_cognitive,cat/dog,seed,v1_8_card_seed_not_real_world_evaluation
Q0649,猫是否怀孕不能只摸肚子判断,MVP-REPRO-005,reproductive,cat,seed,v1_8_card_seed_not_real_world_evaluation
Q0650,猫肚子大是不是怀孕,MVP-REPRO-005,reproductive,cat,seed,v1_8_card_seed_not_real_world_evaluation
Q0651,怎么确定母猫怀孕,MVP-REPRO-005,reproductive,cat,seed,v1_8_card_seed_not_real_world_evaluation
Q0652,怀孕母猫体重和食欲怎么观察,MVP-REPRO-006,reproductive,cat,seed,v1_8_card_seed_not_real_world_evaluation
Q0653,孕猫吃多少,MVP-REPRO-006,reproductive,cat,seed,v1_8_card_seed_not_real_world_evaluation
Q0654,怀孕猫体重怎么长,MVP-REPRO-006,reproductive,cat,seed,v1_8_card_seed_not_real_world_evaluation
Q0655,母犬妊娠期间不能自行补钙,MVP-REPRO-007,reproductive,dog,seed,v1_8_card_seed_not_real_world_evaluation
Q0656,怀孕狗要补钙吗,MVP-REPRO-007,reproductive,dog,seed,v1_8_card_seed_not_real_world_evaluation
Q0657,母犬产前吃钙片,MVP-REPRO-007,reproductive,dog,seed,v1_8_card_seed_not_real_world_evaluation
Q0658,母犬临近分娩需要准备哪些记录,MVP-REPRO-008,reproductive,dog,seed,v1_8_card_seed_not_real_world_evaluation
Q0659,狗快生了观察什么,MVP-REPRO-008,reproductive,dog,seed,v1_8_card_seed_not_real_world_evaluation
Q0660,母犬生产前记录,MVP-REPRO-008,reproductive,dog,seed,v1_8_card_seed_not_real_world_evaluation
Q0661,母猫分娩时什么时候需要就医,MVP-REPRO-009,reproductive,cat,seed,v1_8_card_seed_not_real_world_evaluation
Q0662,猫生不出来怎么办,MVP-REPRO-009,reproductive,cat,seed,v1_8_card_seed_not_real_world_evaluation
Q0663,母猫宫缩很久没生,MVP-REPRO-009,reproductive,cat,seed,v1_8_card_seed_not_real_world_evaluation
Q0664,母犬分娩时持续用力但没有幼犬,MVP-REPRO-010,reproductive,dog,seed,v1_8_card_seed_not_real_world_evaluation
Q0665,狗用力很久生不出,MVP-REPRO-010,reproductive,dog,seed,v1_8_card_seed_not_real_world_evaluation
Q0666,幼犬卡住了,MVP-REPRO-010,reproductive,dog,seed,v1_8_card_seed_not_real_world_evaluation
Q0667,母猫产后阴道分泌物异常,MVP-REPRO-011,reproductive,cat,seed,v1_8_card_seed_not_real_world_evaluation
Q0668,宠物生完下面有臭味分泌物,MVP-REPRO-011,reproductive,cat,seed,v1_8_card_seed_not_real_world_evaluation
Q0669,产后一直流很多血,MVP-REPRO-011,reproductive,cat,seed,v1_8_card_seed_not_real_world_evaluation
Q0670,哺乳母犬母猫乳房红肿疼痛,MVP-REPRO-012,reproductive,cat/dog,seed,v1_8_card_seed_not_real_world_evaluation
Q0671,母狗乳房又红又硬,MVP-REPRO-012,reproductive,cat/dog,seed,v1_8_card_seed_not_real_world_evaluation
Q0672,母猫奶发炎,MVP-REPRO-012,reproductive,cat/dog,seed,v1_8_card_seed_not_real_world_evaluation
Q0673,哺乳母犬突然发抖、喘气和走不稳,MVP-REPRO-013,reproductive,dog,seed,v1_8_card_seed_not_real_world_evaluation
Q0674,母狗生完发抖喘得厉害,MVP-REPRO-013,reproductive,dog,seed,v1_8_card_seed_not_real_world_evaluation
Q0675,哺乳狗站不稳,MVP-REPRO-013,reproductive,dog,seed,v1_8_card_seed_not_real_world_evaluation
Q0676,产后母犬不照顾幼崽,MVP-REPRO-014,reproductive,dog,seed,v1_8_card_seed_not_real_world_evaluation
Q0677,母狗不管小狗,MVP-REPRO-014,reproductive,dog,seed,v1_8_card_seed_not_real_world_evaluation
Q0678,奶子,MVP-REPRO-014,reproductive,dog,seed,v1_8_card_seed_not_real_world_evaluation
Q0679,犬误食巧克力或可可制品,MVP-TOX-003,toxicology,dog,seed,v1_8_card_seed_not_real_world_evaluation
Q0680,狗偷吃巧克力怎么办,MVP-TOX-003,toxicology,dog,seed,v1_8_card_seed_not_real_world_evaluation
Q0681,狗吃了可可粉,MVP-TOX-003,toxicology,dog,seed,v1_8_card_seed_not_real_world_evaluation
Q0682,犬误食木糖醇食品,MVP-TOX-004,toxicology,dog,seed,v1_8_card_seed_not_real_world_evaluation
Q0683,狗吃了无糖口香糖,MVP-TOX-004,toxicology,dog,seed,v1_8_card_seed_not_real_world_evaluation
Q0684,木糖醇对狗有毒吗,MVP-TOX-004,toxicology,dog,seed,v1_8_card_seed_not_real_world_evaluation
Q0685,犬误食葡萄或葡萄干,MVP-TOX-005,toxicology,dog,seed,v1_8_card_seed_not_real_world_evaluation
Q0686,狗吃了葡萄怎么办,MVP-TOX-005,toxicology,dog,seed,v1_8_card_seed_not_real_world_evaluation
Q0687,一颗葡萄干要紧吗,MVP-TOX-005,toxicology,dog,seed,v1_8_card_seed_not_real_world_evaluation
Q0688,犬猫误食洋葱蒜或葱属食物,MVP-TOX-006,toxicology,cat/dog,seed,v1_8_card_seed_not_real_world_evaluation
Q0689,宠物吃了洋葱,MVP-TOX-006,toxicology,cat/dog,seed,v1_8_card_seed_not_real_world_evaluation
Q0690,猫舔了蒜蓉,MVP-TOX-006,toxicology,cat/dog,seed,v1_8_card_seed_not_real_world_evaluation
Q0691,犬猫误食酒精或未烘烤酵母面团,MVP-TOX-007,toxicology,cat/dog,seed,v1_8_card_seed_not_real_world_evaluation
Q0692,狗喝了酒,MVP-TOX-007,toxicology,cat/dog,seed,v1_8_card_seed_not_real_world_evaluation
Q0693,猫吃了生面团,MVP-TOX-007,toxicology,cat/dog,seed,v1_8_card_seed_not_real_world_evaluation
Q0694,犬误食夏威夷果,MVP-TOX-008,toxicology,dog,seed,v1_8_card_seed_not_real_world_evaluation
Q0695,狗吃了夏威夷果,MVP-TOX-008,toxicology,dog,seed,v1_8_card_seed_not_real_world_evaluation
Q0696,狗偷吃坚果后腿软,MVP-TOX-008,toxicology,dog,seed,v1_8_card_seed_not_real_world_evaluation
Q0697,犬猫误食咖啡因制品,MVP-TOX-009,toxicology,cat/dog,seed,v1_8_card_seed_not_real_world_evaluation
Q0698,狗喝了咖啡,MVP-TOX-009,toxicology,cat/dog,seed,v1_8_card_seed_not_real_world_evaluation
Q0699,猫舔了能量饮料,MVP-TOX-009,toxicology,cat/dog,seed,v1_8_card_seed_not_real_world_evaluation
Q0700,猫接触百合花或花粉,MVP-TOX-010,toxicology,cat,seed,v1_8_card_seed_not_real_world_evaluation
Q0701,猫碰了百合花,MVP-TOX-010,toxicology,cat,seed,v1_8_card_seed_not_real_world_evaluation
Q0702,猫舔到百合花粉,MVP-TOX-010,toxicology,cat,seed,v1_8_card_seed_not_real_world_evaluation
Q0703,猫接触犬用含氯菊酯驱虫产品,MVP-TOX-011,toxicology,cat,seed,v1_8_card_seed_not_real_world_evaluation
Q0704,把狗驱虫药滴到猫身上了,MVP-TOX-011,toxicology,cat,seed,v1_8_card_seed_not_real_world_evaluation
Q0705,猫碰了氯菊酯,MVP-TOX-011,toxicology,cat,seed,v1_8_card_seed_not_real_world_evaluation
Q0706,犬猫误食人用止痛药,MVP-TOX-012,toxicology,cat/dog,seed,v1_8_card_seed_not_real_world_evaluation
Q0707,宠物吃了布洛芬,MVP-TOX-012,toxicology,cat/dog,seed,v1_8_card_seed_not_real_world_evaluation
Q0708,狗吞了萘普生,MVP-TOX-012,toxicology,cat/dog,seed,v1_8_card_seed_not_real_world_evaluation
Q0709,猫误食对乙酰氨基酚,MVP-TOX-013,toxicology,cat,seed,v1_8_card_seed_not_real_world_evaluation
Q0710,猫吃了扑热息痛,MVP-TOX-013,toxicology,cat,seed,v1_8_card_seed_not_real_world_evaluation
Q0711,猫误食对乙酰氨基酚怎么办,MVP-TOX-013,toxicology,cat,seed,v1_8_card_seed_not_real_world_evaluation
Q0712,犬误食抗凝血灭鼠药,MVP-TOX-014,toxicology,dog,seed,v1_8_card_seed_not_real_world_evaluation
Q0713,狗吃了老鼠药,MVP-TOX-014,toxicology,dog,seed,v1_8_card_seed_not_real_world_evaluation
Q0714,灭鼠药包装被咬了,MVP-TOX-014,toxicology,dog,seed,v1_8_card_seed_not_real_world_evaluation
Q0715,猫舔到含苯扎氯铵的浓缩消毒剂,MVP-TOX-015,toxicology,cat,seed,v1_8_card_seed_not_real_world_evaluation
Q0716,猫舔到浓缩消毒剂,MVP-TOX-015,toxicology,cat,seed,v1_8_card_seed_not_real_world_evaluation
Q0717,猫接触苯扎氯铵,MVP-TOX-015,toxicology,cat,seed,v1_8_card_seed_not_real_world_evaluation
Q0718,犬猫接触成分不明的杀虫剂或化学品,MVP-TOX-016,toxicology,cat/dog,seed,v1_8_card_seed_not_real_world_evaluation
Q0719,宠物舔到不明杀虫剂,MVP-TOX-016,toxicology,cat/dog,seed,v1_8_card_seed_not_real_world_evaluation
Q0720,犬猫接触未知化学品,MVP-TOX-016,toxicology,cat/dog,seed,v1_8_card_seed_not_real_world_evaluation
Q0721,犬猫误食不明植物,MVP-TOX-017,toxicology,cat/dog,seed,v1_8_card_seed_not_real_world_evaluation
Q0722,宠物吃了不认识的植物,MVP-TOX-017,toxicology,cat/dog,seed,v1_8_card_seed_not_real_world_evaluation
Q0723,犬猫咬了室内植物,MVP-TOX-017,toxicology,cat/dog,seed,v1_8_card_seed_not_real_world_evaluation
Q0724,化验单一项超出参考范围不等于确诊,MVP-DX-001,diagnostics,cat/dog,seed,v1_8_card_seed_not_real_world_evaluation
Q0725,宠物血检有箭头就是生病吗,MVP-DX-001,diagnostics,cat/dog,seed,v1_8_card_seed_not_real_world_evaluation
Q0726,一项超标严重吗,MVP-DX-001,diagnostics,cat/dog,seed,v1_8_card_seed_not_real_world_evaluation
Q0727,红细胞或血红蛋白偏低怎么理解,MVP-DX-002,diagnostics,cat/dog,seed,v1_8_card_seed_not_real_world_evaluation
Q0728,宠物红细胞低,MVP-DX-002,diagnostics,cat/dog,seed,v1_8_card_seed_not_real_world_evaluation
Q0729,化验说贫血,MVP-DX-002,diagnostics,cat/dog,seed,v1_8_card_seed_not_real_world_evaluation
Q0730,猫白细胞升高不能单独证明细菌感染,MVP-DX-003,diagnostics,cat,seed,v1_8_card_seed_not_real_world_evaluation
Q0731,白细胞高就是感染吗,MVP-DX-003,diagnostics,cat,seed,v1_8_card_seed_not_real_world_evaluation
Q0732,宠物白细胞超标,MVP-DX-003,diagnostics,cat,seed,v1_8_card_seed_not_real_world_evaluation
Q0733,犬ALT或ALP升高不等于肝功能衰竭,MVP-DX-004,diagnostics,dog,seed,v1_8_card_seed_not_real_world_evaluation
Q0734,宠物转氨酶高就是肝病吗,MVP-DX-004,diagnostics,dog,seed,v1_8_card_seed_not_real_world_evaluation
Q0735,ALP很高怎么办,MVP-DX-004,diagnostics,dog,seed,v1_8_card_seed_not_real_world_evaluation
Q0736,肌酐和尿素需要结合水合及尿液结果,MVP-DX-005,diagnostics,cat/dog,seed,v1_8_card_seed_not_real_world_evaluation
Q0737,宠物肌酐高就是肾衰吗,MVP-DX-005,diagnostics,cat/dog,seed,v1_8_card_seed_not_real_world_evaluation
Q0738,尿素高怎么办,MVP-DX-005,diagnostics,cat/dog,seed,v1_8_card_seed_not_real_world_evaluation
Q0739,尿比重偏低或偏高怎么理解,MVP-DX-006,diagnostics,cat/dog,seed,v1_8_card_seed_not_real_world_evaluation
Q0740,宠物尿比重低,MVP-DX-006,diagnostics,cat/dog,seed,v1_8_card_seed_not_real_world_evaluation
Q0741,尿比重高说明什么,MVP-DX-006,diagnostics,cat/dog,seed,v1_8_card_seed_not_real_world_evaluation
Q0742,尿蛋白阳性需要确认来源和持续性,MVP-DX-007,diagnostics,cat/dog,seed,v1_8_card_seed_not_real_world_evaluation
Q0743,宠物尿蛋白高,MVP-DX-007,diagnostics,cat/dog,seed,v1_8_card_seed_not_real_world_evaluation
Q0744,尿检蛋白阳性,MVP-DX-007,diagnostics,cat/dog,seed,v1_8_card_seed_not_real_world_evaluation
Q0745,尿潜血阳性不一定都是膀胱出血,MVP-DX-008,diagnostics,cat/dog,seed,v1_8_card_seed_not_real_world_evaluation
Q0746,宠物尿潜血阳性,MVP-DX-008,diagnostics,cat/dog,seed,v1_8_card_seed_not_real_world_evaluation
Q0747,尿检有血但看不出来,MVP-DX-008,diagnostics,cat/dog,seed,v1_8_card_seed_not_real_world_evaluation
Q0748,猫血糖升高需区分应激与糖尿病,MVP-DX-009,diagnostics,cat,seed,v1_8_card_seed_not_real_world_evaluation
Q0749,猫血糖高就是糖尿病吗,MVP-DX-009,diagnostics,cat,seed,v1_8_card_seed_not_real_world_evaluation
Q0750,猫去医院紧张血糖高,MVP-DX-009,diagnostics,cat,seed,v1_8_card_seed_not_real_world_evaluation
Q0751,犬血压单次偏高需要规范复测,MVP-DX-010,diagnostics,dog,seed,v1_8_card_seed_not_real_world_evaluation
Q0752,宠物血压高怎么办,MVP-DX-010,diagnostics,dog,seed,v1_8_card_seed_not_real_world_evaluation
Q0753,狗量血压很紧张,MVP-DX-010,diagnostics,dog,seed,v1_8_card_seed_not_real_world_evaluation
Q0754,慢性肾病猫如何记录体重和食欲,MVP-MON-001,home_monitoring,cat,seed,v1_8_card_seed_not_real_world_evaluation
Q0755,肾病猫在家记什么,MVP-MON-001,home_monitoring,cat,seed,v1_8_card_seed_not_real_world_evaluation
Q0756,肾病猫食欲忽好忽坏,MVP-MON-001,home_monitoring,cat,seed,v1_8_card_seed_not_real_world_evaluation
Q0757,慢性肾病宠物如何记录饮水和排尿,MVP-MON-002,home_monitoring,cat/dog,seed,v1_8_card_seed_not_real_world_evaluation
Q0758,肾病宠物水和尿怎么记,MVP-MON-002,home_monitoring,cat/dog,seed,v1_8_card_seed_not_real_world_evaluation
Q0759,猫喝水突然更多,MVP-MON-002,home_monitoring,cat/dog,seed,v1_8_card_seed_not_real_world_evaluation
Q0760,犬心脏病如何记录睡眠呼吸,MVP-MON-003,home_monitoring,dog,seed,v1_8_card_seed_not_real_world_evaluation
Q0761,心脏病狗在家数呼吸,MVP-MON-003,home_monitoring,dog,seed,v1_8_card_seed_not_real_world_evaluation
Q0762,狗睡觉呼吸变快,MVP-MON-003,home_monitoring,dog,seed,v1_8_card_seed_not_real_world_evaluation
Q0763,糖尿病宠物家庭日志要记什么,MVP-MON-004,home_monitoring,cat/dog,seed,v1_8_card_seed_not_real_world_evaluation
Q0764,糖尿病猫每天记什么,MVP-MON-004,home_monitoring,cat/dog,seed,v1_8_card_seed_not_real_world_evaluation
Q0765,糖尿病狗在家监测,MVP-MON-004,home_monitoring,cat/dog,seed,v1_8_card_seed_not_real_world_evaluation
Q0766,骨关节炎宠物如何记录活动变化,MVP-MON-005,home_monitoring,cat/dog,seed,v1_8_card_seed_not_real_world_evaluation
Q0767,关节炎宠物怎么观察,MVP-MON-005,home_monitoring,cat/dog,seed,v1_8_card_seed_not_real_world_evaluation
Q0768,猫不跳了怎么记录,MVP-MON-005,home_monitoring,cat/dog,seed,v1_8_card_seed_not_real_world_evaluation
Q0769,犬过敏性皮肤病如何记录复发诱因,MVP-MON-006,home_monitoring,dog,seed,v1_8_card_seed_not_real_world_evaluation
Q0770,宠物过敏怎么做日记,MVP-MON-006,home_monitoring,dog,seed,v1_8_card_seed_not_real_world_evaluation
Q0771,皮肤病总复发怎么记录,MVP-MON-006,home_monitoring,dog,seed,v1_8_card_seed_not_real_world_evaluation
Q0772,癫痫宠物发作日志要记录什么,MVP-MON-007,home_monitoring,cat/dog,seed,v1_8_card_seed_not_real_world_evaluation
Q0773,宠物抽搐怎么记录,MVP-MON-007,home_monitoring,cat/dog,seed,v1_8_card_seed_not_real_world_evaluation
Q0774,癫痫日志记什么,MVP-MON-007,home_monitoring,cat/dog,seed,v1_8_card_seed_not_real_world_evaluation
Q0775,宠物新发现肿块如何在家记录,MVP-MON-008,home_monitoring,cat/dog,seed,v1_8_card_seed_not_real_world_evaluation
Q0776,宠物长了包怎么记录,MVP-MON-008,home_monitoring,cat/dog,seed,v1_8_card_seed_not_real_world_evaluation
Q0777,肿块要不要拍照量,MVP-MON-008,home_monitoring,cat/dog,seed,v1_8_card_seed_not_real_world_evaluation
Q0778,犬慢病药物漏服后不要自行加倍,MVP-MON-009,home_monitoring,dog,seed,v1_8_card_seed_not_real_world_evaluation
Q0779,宠物药漏吃一次怎么办,MVP-MON-009,home_monitoring,dog,seed,v1_8_card_seed_not_real_world_evaluation
Q0780,下一次能不能吃双倍,MVP-MON-009,home_monitoring,dog,seed,v1_8_card_seed_not_real_world_evaluation
Q0781,犬窝咳（犬传染性呼吸道疾病）,V17-DOG-INF-001,infectious,dog,seed,v1_8_card_seed_not_real_world_evaluation
Q0782,犬窝咳,V17-DOG-INF-001,infectious,dog,seed,v1_8_card_seed_not_real_world_evaluation
Q0783,犬窝咳怎么办,V17-DOG-INF-001,infectious,dog,seed,v1_8_card_seed_not_real_world_evaluation
Q0784,犬细小病毒感染：居家隔离与消毒,V17-DOG-INF-002,infectious,dog,seed,v1_8_card_seed_not_real_world_evaluation
Q0785,犬细小病毒感染,V17-DOG-INF-002,infectious,dog,seed,v1_8_card_seed_not_real_world_evaluation
Q0786,犬细小病毒感染怎么办,V17-DOG-INF-002,infectious,dog,seed,v1_8_card_seed_not_real_world_evaluation
Q0787,犬便秘,V17-DOG-GI-001,gastrointestinal,dog,seed,v1_8_card_seed_not_real_world_evaluation
Q0788,犬便秘怎么办,V17-DOG-GI-001,gastrointestinal,dog,seed,v1_8_card_seed_not_real_world_evaluation
Q0789,狗便秘了能吃啥缓解,V17-DOG-GI-001,gastrointestinal,dog,seed,v1_8_card_seed_not_real_world_evaluation
Q0790,犬过度吠叫,V17-DOG-BEH-001,behavior,dog,seed,v1_8_card_seed_not_real_world_evaluation
Q0791,犬过度吠叫怎么办,V17-DOG-BEH-001,behavior,dog,seed,v1_8_card_seed_not_real_world_evaluation
Q0792,狗狗对着门外叫怎么办,V17-DOG-BEH-001,behavior,dog,seed,v1_8_card_seed_not_real_world_evaluation
Q0793,犬擦伤割伤的家庭处理,V17-DOG-INJ-001,minor_injury,dog,seed,v1_8_card_seed_not_real_world_evaluation
Q0794,狗狗割伤流血了要缝针吗,V17-DOG-INJ-001,minor_injury,dog,seed,v1_8_card_seed_not_real_world_evaluation
Q0795,狗狗脚垫割伤了擦什么药,V17-DOG-INJ-001,minor_injury,dog,seed,v1_8_card_seed_not_real_world_evaluation
Q0796,犬流口水过多,V17-DOG-ORAL-001,oral,dog,seed,v1_8_card_seed_not_real_world_evaluation
Q0797,犬流口水过多怎么办,V17-DOG-ORAL-001,oral,dog,seed,v1_8_card_seed_not_real_world_evaluation
Q0798,狗嘴一直滴水还不想吃东西,V17-DOG-ORAL-001,oral,dog,seed,v1_8_card_seed_not_real_world_evaluation
Q0799,犬甲状腺功能减退,V17-DOG-END-001,endocrine,dog,seed,v1_8_card_seed_not_real_world_evaluation
Q0800,犬甲状腺功能减退怎么办,V17-DOG-END-001,endocrine,dog,seed,v1_8_card_seed_not_real_world_evaluation
Q0801,甲减的狗狗吃药后什么时候能好转？,V17-DOG-END-001,endocrine,dog,seed,v1_8_card_seed_not_real_world_evaluation
Q0802,犬心丝虫预防,V17-DOG-PAR-001,parasites,dog,seed,v1_8_card_seed_not_real_world_evaluation
Q0803,心丝虫怎么查出来,V17-DOG-PAR-001,parasites,dog,seed,v1_8_card_seed_not_real_world_evaluation
Q0804,犬心丝虫预防怎么办,V17-DOG-PAR-001,parasites,dog,seed,v1_8_card_seed_not_real_world_evaluation
Q0805,犬癫痫发作的居家应对,V17-DOG-NEU-001,neurologic,dog,seed,v1_8_card_seed_not_real_world_evaluation
Q0806,狗突然抽搐怎么办,V17-DOG-NEU-001,neurologic,dog,seed,v1_8_card_seed_not_real_world_evaluation
Q0807,狗狗抽筋怎么处理,V17-DOG-NEU-001,neurologic,dog,seed,v1_8_card_seed_not_real_world_evaluation
Q0808,犬糖尿病的日常监测,V17-DOG-END-002,endocrine,dog,seed,v1_8_card_seed_not_real_world_evaluation
Q0809,犬糖尿病的日常监测怎么办,V17-DOG-END-002,endocrine,dog,seed,v1_8_card_seed_not_real_world_evaluation
Q0810,怎么判断狗狗是不是低血糖了？,V17-DOG-END-002,endocrine,dog,seed,v1_8_card_seed_not_real_world_evaluation
Q0811,犬肝病日常观察,V17-DOG-HEP-001,pancreatic_hepatobiliary,dog,seed,v1_8_card_seed_not_real_world_evaluation
Q0812,犬肝病日常观察怎么办,V17-DOG-HEP-001,pancreatic_hepatobiliary,dog,seed,v1_8_card_seed_not_real_world_evaluation
Q0813,肝病狗狗在家要注意看什么,V17-DOG-HEP-001,pancreatic_hepatobiliary,dog,seed,v1_8_card_seed_not_real_world_evaluation
Q0814,犬运动性中暑,V17-DOG-HEAT-001,preventive_care,dog,seed,v1_8_card_seed_not_real_world_evaluation
Q0815,法斗夏天能跑步吗？,V17-DOG-HEAT-001,preventive_care,dog,seed,v1_8_card_seed_not_real_world_evaluation
Q0816,犬运动性中暑怎么办,V17-DOG-HEAT-001,preventive_care,dog,seed,v1_8_card_seed_not_real_world_evaluation
Q0817,犬肛门腺炎与脓肿,V17-DOG-ANAL-001,anal_sac,dog,seed,v1_8_card_seed_not_real_world_evaluation
Q0818,狗拉屎时惨叫,V17-DOG-ANAL-001,anal_sac,dog,seed,v1_8_card_seed_not_real_world_evaluation
Q0819,狗狗排便很费劲还哼哼,V17-DOG-ANAL-001,anal_sac,dog,seed,v1_8_card_seed_not_real_world_evaluation
Q0820,犬洗澡后皮肤问题,V17-DOG-GRM-002,grooming,dog,seed,v1_8_card_seed_not_real_world_evaluation
Q0821,犬洗澡后皮肤问题怎么办,V17-DOG-GRM-002,grooming,dog,seed,v1_8_card_seed_not_real_world_evaluation
Q0822,给狗洗澡后它疯狂蹭沙发、甩头，是过敏了吗,V17-DOG-GRM-002,grooming,dog,seed,v1_8_card_seed_not_real_world_evaluation
Q0823,新犬到家适应,V17-DOG-BEH-002,behavior,dog,seed,v1_8_card_seed_not_real_world_evaluation
Q0824,新犬到家适应怎么办,V17-DOG-BEH-002,behavior,dog,seed,v1_8_card_seed_not_real_world_evaluation
Q0825,新狗到家一直叫正常吗,V17-DOG-BEH-002,behavior,dog,seed,v1_8_card_seed_not_real_world_evaluation
Q0826,犬体味重排查,V17-DOG-DERM-002,dermatology,dog,seed,v1_8_card_seed_not_real_world_evaluation
Q0827,犬体味重排查怎么办,V17-DOG-DERM-002,dermatology,dog,seed,v1_8_card_seed_not_real_world_evaluation
Q0828,我家狗嘴巴很臭正常吗,V17-DOG-DERM-002,dermatology,dog,seed,v1_8_card_seed_not_real_world_evaluation
Q0829,犬牙周病管理,V17-DOG-ORAL-002,oral,dog,seed,v1_8_card_seed_not_real_world_evaluation
Q0830,怎么给狗刷牙才正确,V17-DOG-ORAL-002,oral,dog,seed,v1_8_card_seed_not_real_world_evaluation
Q0831,狗有牙结石怎么处理,V17-DOG-ORAL-002,oral,dog,seed,v1_8_card_seed_not_real_world_evaluation
Q0832,犬胰腺炎恢复期饮食,V17-DOG-PAN-001,pancreatic_hepatobiliary,dog,seed,v1_8_card_seed_not_real_world_evaluation
Q0833,犬胰腺炎恢复期饮食怎么办,V17-DOG-PAN-001,pancreatic_hepatobiliary,dog,seed,v1_8_card_seed_not_real_world_evaluation
Q0834,狗狗胰腺炎恢复期吐了怎么办？,V17-DOG-PAN-001,pancreatic_hepatobiliary,dog,seed,v1_8_card_seed_not_real_world_evaluation
Q0835,犬后腿无力与爬楼困难,V17-DOG-MSK-001,musculoskeletal,dog,seed,v1_8_card_seed_not_real_world_evaluation
Q0836,犬后腿无力与爬楼困难怎么办,V17-DOG-MSK-001,musculoskeletal,dog,seed,v1_8_card_seed_not_real_world_evaluation
Q0837,我家狗后腿突然没劲，爬楼梯特别费劲是怎么了？,V17-DOG-MSK-001,musculoskeletal,dog,seed,v1_8_card_seed_not_real_world_evaluation
Q0838,犬疫苗接种后不良反应观察,V17-DOG-VAX-001,preventive_care,dog,seed,v1_8_card_seed_not_real_world_evaluation
Q0839,狗狗打完疫苗有点蔫正常吗,V17-DOG-VAX-001,preventive_care,dog,seed,v1_8_card_seed_not_real_world_evaluation
Q0840,小狗打完疫苗当天不吃饭了,V17-DOG-VAX-001,preventive_care,dog,seed,v1_8_card_seed_not_real_world_evaluation
Q0841,幼犬社会化与早期行为,V17-DOG-PED-001,pediatrics,dog,seed,v1_8_card_seed_not_real_world_evaluation
Q0842,幼犬社会化与早期行为怎么办,V17-DOG-PED-001,pediatrics,dog,seed,v1_8_card_seed_not_real_world_evaluation
Q0843,疫苗没打完能带幼犬出门吗？,V17-DOG-PED-001,pediatrics,dog,seed,v1_8_card_seed_not_real_world_evaluation
Q0844,犬急性胃胀扭转警示,V17-DOG-GDV-001,gastrointestinal,dog,seed,v1_8_card_seed_not_real_world_evaluation
Q0845,犬急性胃胀扭转警示怎么办,V17-DOG-GDV-001,gastrointestinal,dog,seed,v1_8_card_seed_not_real_world_evaluation
Q0846,深胸的狗吃完饭跑跳后肚子变硬变鼓,V17-DOG-GDV-001,gastrointestinal,dog,seed,v1_8_card_seed_not_real_world_evaluation
Q0847,母犬产后乳腺炎,V17-DOG-REP-001,reproductive,dog,seed,v1_8_card_seed_not_real_world_evaluation
Q0848,母犬产后乳腺炎怎么办,V17-DOG-REP-001,reproductive,dog,seed,v1_8_card_seed_not_real_world_evaluation
Q0849,小狗吃完奶后母犬的乳房还是胀得厉害,V17-DOG-REP-001,reproductive,dog,seed,v1_8_card_seed_not_real_world_evaluation
Q0850,犬认知障碍（脑老化）,V17-DOG-SEN-001,senior_cognitive,dog,seed,v1_8_card_seed_not_real_world_evaluation
Q0851,犬认知障碍,V17-DOG-SEN-001,senior_cognitive,dog,seed,v1_8_card_seed_not_real_world_evaluation
Q0852,犬认知障碍怎么办,V17-DOG-SEN-001,senior_cognitive,dog,seed,v1_8_card_seed_not_real_world_evaluation
Q0853,猫鼻支（猫疱疹病毒感染）,V17-CAT-INF-001,infectious,cat,seed,v1_8_card_seed_not_real_world_evaluation
Q0854,猫鼻支,V17-CAT-INF-001,infectious,cat,seed,v1_8_card_seed_not_real_world_evaluation
Q0855,猫鼻支怎么办,V17-CAT-INF-001,infectious,cat,seed,v1_8_card_seed_not_real_world_evaluation
Q0856,猫瘟家庭隔离与消毒,V17-CAT-INF-002,infectious,cat,seed,v1_8_card_seed_not_real_world_evaluation
Q0857,猫瘟病毒在屋里能活多久？,V17-CAT-INF-002,infectious,cat,seed,v1_8_card_seed_not_real_world_evaluation
Q0858,猫瘟后多久能接新猫回家？,V17-CAT-INF-002,infectious,cat,seed,v1_8_card_seed_not_real_world_evaluation
Q0859,猫应激性膀胱炎（FIC）,V17-CAT-UR-001,urinary,cat,seed,v1_8_card_seed_not_real_world_evaluation
Q0860,猫应激性膀胱炎,V17-CAT-UR-001,urinary,cat,seed,v1_8_card_seed_not_real_world_evaluation
Q0861,猫应激性膀胱炎怎么办,V17-CAT-UR-001,urinary,cat,seed,v1_8_card_seed_not_real_world_evaluation
Q0862,猫尿结石,V17-CAT-UR-002,urinary,cat,seed,v1_8_card_seed_not_real_world_evaluation
Q0863,猫尿结石怎么办,V17-CAT-UR-002,urinary,cat,seed,v1_8_card_seed_not_real_world_evaluation
Q0864,猫尿结石应该多喂水吗？,V17-CAT-UR-002,urinary,cat,seed,v1_8_card_seed_not_real_world_evaluation
Q0865,猫便秘,V17-CAT-GI-001,gastrointestinal,cat,seed,v1_8_card_seed_not_real_world_evaluation
Q0866,猫便秘怎么办,V17-CAT-GI-001,gastrointestinal,cat,seed,v1_8_card_seed_not_real_world_evaluation
Q0867,猫便秘在家能怎么帮忙,V17-CAT-GI-001,gastrointestinal,cat,seed,v1_8_card_seed_not_real_world_evaluation
Q0868,猫哮喘,V17-CAT-RES-001,respiratory,cat,seed,v1_8_card_seed_not_real_world_evaluation
Q0869,猫哮喘怎么办,V17-CAT-RES-001,respiratory,cat,seed,v1_8_card_seed_not_real_world_evaluation
Q0870,猫哮喘在家怎么护理,V17-CAT-RES-001,respiratory,cat,seed,v1_8_card_seed_not_real_world_evaluation
Q0871,猫肥厚性心肌病,V17-CAT-CAR-001,cardiac,cat,seed,v1_8_card_seed_not_real_world_evaluation
Q0872,猫肥厚性心肌病怎么办,V17-CAT-CAR-001,cardiac,cat,seed,v1_8_card_seed_not_real_world_evaluation
Q0873,HCM 猫在家要注意什么,V17-CAT-CAR-001,cardiac,cat,seed,v1_8_card_seed_not_real_world_evaluation
Q0874,猫绦虫与蛔虫识别,V17-CAT-PAR-001,parasites,cat,seed,v1_8_card_seed_not_real_world_evaluation
Q0875,猫绦虫与蛔虫识别怎么办,V17-CAT-PAR-001,parasites,cat,seed,v1_8_card_seed_not_real_world_evaluation
Q0876,猫砂盆里发现像芝麻粒的东西,V17-CAT-PAR-001,parasites,cat,seed,v1_8_card_seed_not_real_world_evaluation
Q0877,猫跳蚤过敏性皮炎,V17-CAT-DERM-001,dermatology,cat,seed,v1_8_card_seed_not_real_world_evaluation
Q0878,猫跳蚤过敏性皮炎怎么办,V17-CAT-DERM-001,dermatology,cat,seed,v1_8_card_seed_not_real_world_evaluation
Q0879,家里有跳蚤猫会不会过敏,V17-CAT-DERM-001,dermatology,cat,seed,v1_8_card_seed_not_real_world_evaluation
Q0880,猫慢性口炎,V17-CAT-ORAL-001,oral,cat,seed,v1_8_card_seed_not_real_world_evaluation
Q0881,猫慢性口炎怎么办,V17-CAT-ORAL-001,oral,cat,seed,v1_8_card_seed_not_real_world_evaluation
Q0882,猫慢性口炎能根治吗？要治多久？,V17-CAT-ORAL-001,oral,cat,seed,v1_8_card_seed_not_real_world_evaluation
Q0883,猫慢性肾病家庭护理,V17-CAT-REN-001,renal,cat,seed,v1_8_card_seed_not_real_world_evaluation
Q0884,猫肾衰吃什么粮好,V17-CAT-REN-001,renal,cat,seed,v1_8_card_seed_not_real_world_evaluation
Q0885,肾病猫不肯喝水怎么办,V17-CAT-REN-001,renal,cat,seed,v1_8_card_seed_not_real_world_evaluation
Q0886,猫乳腺肿块,V17-CAT-REP-002,reproductive,cat,seed,v1_8_card_seed_not_real_world_evaluation
Q0887,猫乳腺肿块怎么办,V17-CAT-REP-002,reproductive,cat,seed,v1_8_card_seed_not_real_world_evaluation
Q0888,猫乳腺瘤良性恶性怎么区分,V17-CAT-REP-002,reproductive,cat,seed,v1_8_card_seed_not_real_world_evaluation
Q0889,猫疫苗后不良反应与注射部位肉瘤警示,V17-CAT-VAX-001,preventive_care,cat,seed,v1_8_card_seed_not_real_world_evaluation
Q0890,猫打完疫苗有点蔫正常吗,V17-CAT-VAX-001,preventive_care,cat,seed,v1_8_card_seed_not_real_world_evaluation
Q0891,猫疫苗后不爱吃饭要不要紧,V17-CAT-VAX-001,preventive_care,cat,seed,v1_8_card_seed_not_real_world_evaluation
Q0892,小猫疫苗与驱虫日程,V17-CAT-PED-001,pediatrics,cat,seed,v1_8_card_seed_not_real_world_evaluation
Q0893,小猫疫苗要打几针？,V17-CAT-PED-001,pediatrics,cat,seed,v1_8_card_seed_not_real_world_evaluation
Q0894,小猫多大开始打疫苗？,V17-CAT-PED-001,pediatrics,cat,seed,v1_8_card_seed_not_real_world_evaluation
Q0895,猫应激与躲藏,V17-CAT-BEH-001,behavior,cat,seed,v1_8_card_seed_not_real_world_evaluation
Q0896,猫应激与躲藏怎么办,V17-CAT-BEH-001,behavior,cat,seed,v1_8_card_seed_not_real_world_evaluation
Q0897,怎么判断猫是应激还是生病了,V17-CAT-BEH-001,behavior,cat,seed,v1_8_card_seed_not_real_world_evaluation
Q0898,猫牙吸收与口腔疼痛,V17-CAT-ORAL-002,oral,cat,seed,v1_8_card_seed_not_real_world_evaluation
Q0899,猫不让人碰嘴还流口水,V17-CAT-ORAL-002,oral,cat,seed,v1_8_card_seed_not_real_world_evaluation
Q0900,猫牙吸收与口腔疼痛怎么办,V17-CAT-ORAL-002,oral,cat,seed,v1_8_card_seed_not_real_world_evaluation
Q0901,猫多饮多尿排查,V17-CAT-DX-001,diagnostics,cat,seed,v1_8_card_seed_not_real_world_evaluation
Q0902,猫多饮多尿排查怎么办,V17-CAT-DX-001,diagnostics,cat,seed,v1_8_card_seed_not_real_world_evaluation
Q0903,猫一天应该喝多少水算正常,V17-CAT-DX-001,diagnostics,cat,seed,v1_8_card_seed_not_real_world_evaluation
Q0904,猫体重下降排查,V17-CAT-END-001,endocrine,cat,seed,v1_8_card_seed_not_real_world_evaluation
Q0905,猫咪最近变瘦了正常吗,V17-CAT-END-001,endocrine,cat,seed,v1_8_card_seed_not_real_world_evaluation
Q0906,猫体重下降排查怎么办,V17-CAT-END-001,endocrine,cat,seed,v1_8_card_seed_not_real_world_evaluation
Q0907,猫认知障碍（老年猫夜叫）,V17-CAT-SEN-001,senior_cognitive,cat,seed,v1_8_card_seed_not_real_world_evaluation
Q0908,猫认知障碍,V17-CAT-SEN-001,senior_cognitive,cat,seed,v1_8_card_seed_not_real_world_evaluation
Q0909,猫认知障碍怎么办,V17-CAT-SEN-001,senior_cognitive,cat,seed,v1_8_card_seed_not_real_world_evaluation
Q0910,犬反向喷嚏怎么判断,V18-DOG-RESP-001,respiratory,dog,seed,v1_8_card_seed_not_real_world_evaluation
Q0911,狗突然倒吸气一样哼哧,V18-DOG-RESP-001,respiratory,dog,seed,v1_8_card_seed_not_real_world_evaluation
Q0912,狗像吸不上气但很快恢复,V18-DOG-RESP-001,respiratory,dog,seed,v1_8_card_seed_not_real_world_evaluation
Q0913,犬吃自己或其他动物的粪便,V18-DOG-BEH-001,behavior,dog,seed,v1_8_card_seed_not_real_world_evaluation
Q0914,狗为什么吃屎,V18-DOG-BEH-001,behavior,dog,seed,v1_8_card_seed_not_real_world_evaluation
Q0915,狗总捡别的狗粪便吃,V18-DOG-BEH-001,behavior,dog,seed,v1_8_card_seed_not_real_world_evaluation
Q0916,犬害怕雷声、烟花或爆竹,V18-DOG-BEH-002,behavior,dog,seed,v1_8_card_seed_not_real_world_evaluation
Q0917,狗怕打雷一直抖,V18-DOG-BEH-002,behavior,dog,seed,v1_8_card_seed_not_real_world_evaluation
Q0918,放烟花狗躲起来不出来,V18-DOG-BEH-002,behavior,dog,seed,v1_8_card_seed_not_real_world_evaluation
Q0919,犬乘车时流口水、紧张或呕吐,V18-DOG-BEH-003,behavior,dog,seed,v1_8_card_seed_not_real_world_evaluation
Q0920,狗一坐车就吐,V18-DOG-BEH-003,behavior,dog,seed,v1_8_card_seed_not_real_world_evaluation
Q0921,狗坐车一直流口水,V18-DOG-BEH-003,behavior,dog,seed,v1_8_card_seed_not_real_world_evaluation
Q0922,短头犬打鼾和呼吸声很大,V18-DOG-RESP-002,respiratory,dog,seed,v1_8_card_seed_not_real_world_evaluation
Q0923,法斗睡觉打呼正常吗,V18-DOG-RESP-002,respiratory,dog,seed,v1_8_card_seed_not_real_world_evaluation
Q0924,巴哥醒着也呼吸很响,V18-DOG-RESP-002,respiratory,dog,seed,v1_8_card_seed_not_real_world_evaluation
Q0925,犬护食或守护玩具,V18-DOG-BEH-004,behavior,dog,seed,v1_8_card_seed_not_real_world_evaluation
Q0926,狗吃饭时不让人靠近,V18-DOG-BEH-004,behavior,dog,seed,v1_8_card_seed_not_real_world_evaluation
Q0927,狗护食低吼怎么办,V18-DOG-BEH-004,behavior,dog,seed,v1_8_card_seed_not_real_world_evaluation
Q0928,幼犬换牙期啃咬家具和人的手,V18-DOG-PED-001,pediatrics,dog,seed,v1_8_card_seed_not_real_world_evaluation
Q0929,幼犬一直咬手怎么办,V18-DOG-PED-001,pediatrics,dog,seed,v1_8_card_seed_not_real_world_evaluation
Q0930,小狗换牙乱咬家具,V18-DOG-PED-001,pediatrics,dog,seed,v1_8_card_seed_not_real_world_evaluation
Q0931,高温地面导致犬脚垫不适或烫伤,V18-DOG-INJ-001,minor_injury,dog,seed,v1_8_card_seed_not_real_world_evaluation
Q0932,夏天遛狗脚垫烫伤,V18-DOG-INJ-001,minor_injury,dog,seed,v1_8_card_seed_not_real_world_evaluation
Q0933,狗走完热地面一直舔脚,V18-DOG-INJ-001,minor_injury,dog,seed,v1_8_card_seed_not_real_world_evaluation
Q0934,猫啃咬或吞食塑料、布料和线绳,V18-CAT-BEH-001,behavior,cat,seed,v1_8_card_seed_not_real_world_evaluation
Q0935,猫为什么爱吃塑料袋,V18-CAT-BEH-001,behavior,cat,seed,v1_8_card_seed_not_real_world_evaluation
Q0936,猫把布料咬下来吃了,V18-CAT-BEH-001,behavior,cat,seed,v1_8_card_seed_not_real_world_evaluation
Q0937,猫吐毛球与频繁呕吐的区别,V18-CAT-GI-001,gastrointestinal,cat,seed,v1_8_card_seed_not_real_world_evaluation
Q0938,猫多久吐一次毛球算正常,V18-CAT-GI-001,gastrointestinal,cat,seed,v1_8_card_seed_not_real_world_evaluation
Q0939,猫一直干呕却没有毛球,V18-CAT-GI-001,gastrointestinal,cat,seed,v1_8_card_seed_not_real_world_evaluation
Q0940,猫抓沙发和家具,V18-CAT-BEH-002,behavior,cat,seed,v1_8_card_seed_not_real_world_evaluation
Q0941,猫一直抓沙发怎么办,V18-CAT-BEH-002,behavior,cat,seed,v1_8_card_seed_not_real_world_evaluation
Q0942,怎么让猫用猫抓板,V18-CAT-BEH-002,behavior,cat,seed,v1_8_card_seed_not_real_world_evaluation
Q0943,更换猫砂后拒绝使用猫砂盆,V18-CAT-BEH-003,behavior,cat,seed,v1_8_card_seed_not_real_world_evaluation
Q0944,换猫砂后猫乱尿,V18-CAT-BEH-003,behavior,cat,seed,v1_8_card_seed_not_real_world_evaluation
Q0945,猫不喜欢新猫砂怎么办,V18-CAT-BEH-003,behavior,cat,seed,v1_8_card_seed_not_real_world_evaluation
Q0946,猫喷尿标记与正常排尿怎么区分,V18-CAT-BEH-004,behavior,cat,seed,v1_8_card_seed_not_real_world_evaluation
Q0947,猫对着墙喷尿,V18-CAT-BEH-004,behavior,cat,seed,v1_8_card_seed_not_real_world_evaluation
Q0948,猫翘尾巴尿一点点,V18-CAT-BEH-004,behavior,cat,seed,v1_8_card_seed_not_real_world_evaluation
Q0949,猫害怕航空箱和乘车,V18-CAT-BEH-005,behavior,cat,seed,v1_8_card_seed_not_real_world_evaluation
Q0950,猫一进航空箱就叫,V18-CAT-BEH-005,behavior,cat,seed,v1_8_card_seed_not_real_world_evaluation
Q0951,猫坐车一直喘气,V18-CAT-BEH-005,behavior,cat,seed,v1_8_card_seed_not_real_world_evaluation
Q0952,猫吃草或啃咬家中植物,V18-CAT-NUT-001,nutrition,cat,seed,v1_8_card_seed_not_real_world_evaluation
Q0953,猫为什么喜欢吃草,V18-CAT-NUT-001,nutrition,cat,seed,v1_8_card_seed_not_real_world_evaluation
Q0954,猫吃完草吐了正常吗,V18-CAT-NUT-001,nutrition,cat,seed,v1_8_card_seed_not_real_world_evaluation
Q0955,猫玩耍时扑咬人的手脚,V18-CAT-BEH-006,behavior,cat,seed,v1_8_card_seed_not_real_world_evaluation
Q0956,猫突然扑脚咬人,V18-CAT-BEH-006,behavior,cat,seed,v1_8_card_seed_not_real_world_evaluation
Q0957,逗猫时猫越玩越凶,V18-CAT-BEH-006,behavior,cat,seed,v1_8_card_seed_not_real_world_evaluation
