record_type,id,title,category_or_severity,species,content_hash,review_status,reviewer,license_number,reviewed_at,production_eligible
knowledge_card,OS-GI-001,犬突然出现轻度腹泻,gastrointestinal,dog,d6da72a1936ea5b4c956876d590dc55e1513b0533b504602ee13bd1f21277653,pending,,,,false
knowledge_card,OS-GI-002,犬腹泻时需要记录哪些信息,gastrointestinal,dog,0bdc9239d85ec97ebc2cce759010e33c75ba61334fe20450af4ea172e65353a2,pending,,,,false
knowledge_card,OS-GI-003,犬腹泻是否可以自行用抗生素,gastrointestinal,dog,60d5af9e925934c20d9f1fad78be625e78aaa867c9122a2fa16369694d5c4008,pending,,,,false
knowledge_card,OS-RESP-001,猫打喷嚏并有鼻眼分泌物,respiratory,cat,2cdd5675dec082e993229fe36e558f51a0257ba1964d358da9560a7e7776dd84,pending,,,,false
knowledge_card,OS-RESP-002,犬持续咳嗽,respiratory,dog,37905270964dc4492b0586a0712d655735a6032967866983711a54bb6e7592de,pending,,,,false
knowledge_card,OS-RESP-003,猫狗呼吸道症状是否需要抗生素,respiratory,cat|dog,229564eeda03d0ee1468135bfd722cada2585cdb13a6f9571cd58f9127be6a3c,pending,,,,false
knowledge_card,OS-EAR-001,犬频繁抓耳或甩头,ear,dog,3c2f397b0bf4f156a6e7b9c12ac929312b94a6fd0a23d2c85270a6a86ddf7b61,pending,,,,false
knowledge_card,OS-EAR-002,犬耳朵异味和分泌物,ear,dog,6fa35aea27637503120a13cdad3e5c953473fb13e3aeb096e35ec43ce0620600,pending,,,,false
knowledge_card,OS-EAR-003,猫耳朵很脏并抓挠,ear,cat,5954fef88c0bf980b0f80b93e02607b8d10f69a552bb1f17f9153116876be749,pending,,,,false
knowledge_card,OS-ORAL-001,猫口臭,oral,cat,3883c02cc2634ed3496f01f6a8b206ae884c69acf51b68521dd5018bc5e7af81,pending,,,,false
knowledge_card,OS-ORAL-002,猫牙齿有牙结石,oral,cat,ee5f64d0dbf769a8c5dce7fdc244bf3b4f22bdbe0c1d34c101e8d582a6b4ad0c,pending,,,,false
knowledge_card,OS-ORAL-003,犬牙龈红和口臭,oral,dog,c88acee2bb64908ba6c291301bf7571bfacdc251a3b63bf922f3753b9763fc88,pending,,,,false
knowledge_card,OS-ORAL-004,猫可能出现口腔疼痛的表现,oral,cat,f4458c295890c7e3892b3480d06e7f9f67a774e6a3c42108671f23917dc0678d,pending,,,,false
knowledge_card,OS-MSK-001,犬起身僵硬或活动减少,musculoskeletal,dog,115f024db956edefe7af1576a6d67b9ad03465afb1a9a1a52eef26fa9cde64a3,pending,,,,false
knowledge_card,OS-MSK-002,猫减少跳跃,musculoskeletal,cat,15997dfaad7991b3e5c7c9ea408d92bcfef5c5ad9c6ad7a64d77245c19ab7421,pending,,,,false
knowledge_card,OS-MSK-003,老年猫狗活动变化需要记录什么,musculoskeletal,cat|dog,b2ac6c6ab91c5476f84c4dd01d758d0f74b5a6c9dd4d2062609192b277b25408,pending,,,,false
knowledge_card,OS-UR-001,猫频繁进猫砂盆但尿量很少,urinary,cat,1d08c75d2d100b8eafa30bf3121f859aaa8719596dd63090d79387e442799e82,pending,,,,false
knowledge_card,OS-UR-002,猫尿中带血,urinary,cat,a14ac112c1c29db0588716618a4d08f8e26fed08404310ec28264bf627a229d6,pending,,,,false
knowledge_card,OS-UR-003,猫尿道阻塞风险,urinary,cat,3501aa7ca5417ed41936e64bffa3a98715aacca986d84fa4109524969f238c43,pending,,,,false
knowledge_card,OS-SKIN-001,犬反复瘙痒,dermatology,dog,a1b4f4bb64bfca71d52482e4912b3b5f729e1bf9272ad067d5f3b66d1ca42e67,pending,,,,false
knowledge_card,OS-SKIN-002,犬舔爪和耳朵反复不适,dermatology,dog,30ab0aa123740a7382dca5419bac6cf2625c419dd17ec37142e4fab5c14849dd,pending,,,,false
knowledge_card,OS-SKIN-003,猫狗局部脱毛不能只凭照片判断,dermatology,cat|dog,7b4dd0d5d203664054f3f368787a70eab4849bd3f91e2e90c6956620b4a51412,pending,,,,false
knowledge_card,OS-BEH-001,猫到新环境后躲藏,behavior,cat,65a3b2e3922b7cd0273d6ee8f916025e6af7afcbaaaa69f5eb5a39f3cfa2e243,pending,,,,false
knowledge_card,OS-BEH-002,室内猫环境丰富化,behavior,cat,a178127be0391bea51aba7939b65ac247323e2131bb8d92cad6b6076ba51f43e,pending,,,,false
knowledge_card,OS-VAX-001,幼猫幼犬疫苗计划,preventive_care,cat|dog,041bf4fd71578871012c1810ca65b81af4f7259345523ebdcd73c1a155735b2a,pending,,,,false
knowledge_card,OS-VAX-002,猫注射部位出现肿块,preventive_care,cat,ecae5a6cbd46ad17cd05522e1d750b368afb2f8a61e6f287acd86633afab35ac,pending,,,,false
knowledge_card,OS-EYE-001,犬眼睛突然眯眼、发红或浑浊,eye,dog,32c8f93f4ebf64cc92765e0c3f878f31c6f7abf11b045777045ca01495fa14c1,pending,,,,false
knowledge_card,OS-EYE-002,犬突然视力下降,eye,dog,b6a56a47e1324ad46d9ca93e0019dbea5d5aac837b9cb579bbef6e27ca7cb537,pending,,,,false
knowledge_card,MVP-GI-001,猫反复腹泻需排查寄生虫和其他病因,gastrointestinal,cat,0ecffcf1e2e6f5d96555ddaa52af0c9e003b970d8999d26d54b67b7bb2a148b2,pending,,,,false
knowledge_card,MVP-GI-002,犬偶发一次呕吐,gastrointestinal,dog,70fdf4f5dd2e45838ddb7cd24da6490df80f609ca59ce542a8ac7a15b0dccd7e,pending,,,,false
knowledge_card,MVP-GI-003,犬反复呕吐,gastrointestinal,dog,e3777b0a085a7e56681c6d05f01f324c811f76587f46a665780a3d8cc3d825d4,pending,,,,false
knowledge_card,MVP-GI-004,猫偶发呕吐需要观察什么,gastrointestinal,cat,03085ec3523469670a4a7f3aaabc82625171c62c0b57e41452aaab09f8a08d3e,pending,,,,false
knowledge_card,MVP-GI-005,猫反复呕吐不能只按毛球处理,gastrointestinal,cat,874e35d78b23693fb2fa5398f755b3c2c9a474e285ac405dc58b9b3db82793d7,pending,,,,false
knowledge_card,MVP-GI-006,猫反复吐出毛发也需要评估,gastrointestinal,cat,ac687b30c74896f88817e89ae2fd9a937e8216ce5085f645ff7a3eae2fadcbc5,pending,,,,false
knowledge_card,MVP-GI-007,猫排便困难或便秘,gastrointestinal,cat,801909b7172174ee1bb012ede6171c1f32905f1ef7eb0797c06ec93c7404590a,pending,,,,false
knowledge_card,MVP-GI-008,犬反复吞咽或进食后反流,gastrointestinal,dog,82ece7d5b6adeabead6194981707044e615f185296a638299ff22a424e403b9f,pending,,,,false
knowledge_card,MVP-GI-009,区分呕吐和反流,gastrointestinal,cat|dog,b9c02428b54f889ce82e6031edeb8be870ead99cefd0459d50a08ca952a7078e,pending,,,,false
knowledge_card,MVP-GI-010,猫食欲突然下降,gastrointestinal,cat,47b382bbccc6b8c4231003b4a185bdf217d81e24cc18d2c26b7dd7ef3089d1ec,pending,,,,false
knowledge_card,MVP-GI-011,犬食欲突然下降,gastrointestinal,dog,03b7345cc1da996e657e2f21b98a4339b349308541586749d0eb624a32212a95,pending,,,,false
knowledge_card,MVP-GI-012,犬出现黑色柏油样便,gastrointestinal,dog,7a0a354aeaff7bea5448077bb76191dc63c7aadc15060c4599ae738a94b09704,pending,,,,false
knowledge_card,MVP-GI-013,犬便中出现鲜红色血,gastrointestinal,dog,d232c820567e511c172f28432e64e8554c879095f05280871d51a123ba18c6f3,pending,,,,false
knowledge_card,MVP-GI-014,犬换粮后出现软便,gastrointestinal,dog,d0b5f8ad07be4e17cf684b8640e983bdcc73942d9983fd0a3c9c6def046db4de,pending,,,,false
knowledge_card,MVP-NUT-001,判断猫是否超重,nutrition,cat,9e9b7ed1dc22340db8dd5294c49cc5f45e52a7e2b67d54a5eae67e96803933f6,pending,,,,false
knowledge_card,MVP-NUT-002,判断犬是否超重,nutrition,dog,cf6442a0e4e3b9c804df605ac788d095f8d563d24a66d91212853e803fcefa43,pending,,,,false
knowledge_card,MVP-NUT-003,猫安全减重原则,nutrition,cat,978ab0164f30a9d81302222e2bb7f74e5c38ab594c13fc85bd801220a641d26f,pending,,,,false
knowledge_card,MVP-NUT-004,猫零食会不会影响体重,nutrition,cat,e86495d92facdd8663062a8429e846a15c9f29e6e603b055f0edf8111e5c2759,pending,,,,false
knowledge_card,MVP-NUT-005,猫突然挑食,nutrition,cat,c1edc35d106126cd83736b775c3c064f18c9f2794d0958a496b17ebdaffaf71b,pending,,,,false
knowledge_card,MVP-NUT-006,犬突然挑食,nutrition,dog,8950b7867e0b7c80fa8c59118232f991a3c3469fa6d023b6f54e86ee1a86f3ab,pending,,,,false
knowledge_card,MVP-NUT-007,犬猫生食的风险,nutrition,cat|dog,1df690ea8b49e27e03cdb2b00251ab53803472aa6607e4402c4efdc578bf009d,pending,,,,false
knowledge_card,MVP-NUT-008,犬猫啃食骨头,nutrition,cat|dog,8f74cb20f328fbc9383c3b6ad44141e70003f10b3db0704085cba79c2646a866,pending,,,,false
knowledge_card,MVP-NUT-009,监测饮水量变化,nutrition,cat|dog,407c6844bad3b7dd990e3198620b8361a9e33c3ba725144c21cae044c9be8ba4,pending,,,,false
knowledge_card,MVP-NUT-010,选择主食和换粮记录,nutrition,cat|dog,ddc345ef3064c234df79d66315b549fcaa8ec62425837e95f7dd58d5b0c8a01f,pending,,,,false
knowledge_card,MVP-PAR-001,猫身上发现跳蚤或黑色颗粒,parasites,cat,0ae49fbcbb2b71f28144b66872db3a1fb04f96db372b8fb7696eb42391f8e0d7,pending,,,,false
knowledge_card,MVP-PAR-002,犬身上发现跳蚤,parasites,dog,e76e7ff9d0ba631b1d472b8a6388bc32373b0f3bab02891240252ad16915e1c4,pending,,,,false
knowledge_card,MVP-PAR-003,犬猫身上发现蜱虫,parasites,cat|dog,8c4ecb56f1102e2101c48440affbbdb8725bac2b1a704e499c103096f9d9536e,pending,,,,false
knowledge_card,MVP-PAR-004,选择驱虫产品不能只看品牌,parasites,cat|dog,8c76a9a6066c9b2e616d3854cde3860bb2544b576d3ce3dab8501187b2868e3b,pending,,,,false
knowledge_card,MVP-PAR-005,驱虫频率需要个体化,parasites,cat|dog,7fb909cb570dcb1f3b2da89808e96b764da9f5f67480770e23bdc6eb683a6532,pending,,,,false
knowledge_card,MVP-PAR-006,粪便中看到虫体或米粒样节片,parasites,cat|dog,0962daf8cd3843a48af37f3d93d7d6f99669b687a351656db2a0a871f4c27668,pending,,,,false
knowledge_card,MVP-PAR-007,多宠家庭疑似耳螨,parasites,cat|dog,9ace9bd52d6c813db308572c0e3c616c8b36a1e10f114e4a8206d95d80e749f2,pending,,,,false
knowledge_card,MVP-PAR-008,清理宠物粪便与人宠共患风险,parasites,cat|dog,14da76aa0e6a9dfd9ee51bbd942a16e3cf586f9d89beaa787628f2a3e53c7a86,pending,,,,false
knowledge_card,MVP-PAR-009,室内猫也需要评估寄生虫风险,parasites,cat,b7640943928d8a4302480c0b085b80a9021ca42566368a3aa2570cbae654ff55,pending,,,,false
knowledge_card,MVP-GRM-001,季节性掉毛还是异常脱毛,grooming,cat|dog,d36094f477a770c830d3dcf1833ece50af694a16f13bea83d931b5d6ed8934f3,pending,,,,false
knowledge_card,MVP-GRM-002,猫狗皮屑增多,grooming,cat|dog,ab1c59df4e341154897bae1412bd521365601ca645034766f9dbc4ef45eccfcb,pending,,,,false
knowledge_card,MVP-GRM-003,猫狗被毛打结,grooming,cat|dog,cf4a06cbcf6d9142d48a10f4519019badcac4e6b904226f1763ef84e41d65165,pending,,,,false
knowledge_card,MVP-GRM-004,指甲过长,grooming,cat|dog,4a1b218241fac69dcbd0ab6539c165f7094884fbf071080bf9138a24d4b64259,pending,,,,false
knowledge_card,MVP-GRM-005,指甲劈裂或出血,minor_injury,cat|dog,63a08e25773e87bac31f0d0382366e34b7b7471010bde4188b741b52f3ad3a6b,pending,,,,false
knowledge_card,MVP-GRM-006,散步后反复舔爪,dermatology,dog,1bc4286eed97dfc6eeef3e10ee90a67fd41e2d7853d658d7d6dc62c184e68bb6,pending,,,,false
knowledge_card,MVP-GRM-007,短头犬皮褶发红有异味,dermatology,dog,82135f7ee0f9d3790d870e539a1d907772e80701363e170e6524029ebb63f447,pending,,,,false
knowledge_card,MVP-GRM-008,洗澡后皮肤发红或瘙痒,dermatology,cat|dog,505603ec642fcbced80a114233a6d31533c2ef0a07dd7c94c6ed3555e39cf528,pending,,,,false
knowledge_card,MVP-GRM-009,小面积表浅擦伤,minor_injury,cat|dog,65723af242f3f649fae822ce5f9d18d9cb812bb0143208dbc654778b8dd58084,pending,,,,false
knowledge_card,MVP-GRM-010,被其他动物咬伤,minor_injury,cat|dog,5bf5afe3269e18efd11826d316c8307053c6d14161ac6440a1a265ebb37d1ba9,pending,,,,false
knowledge_card,MVP-BEH-001,猫突然在猫砂盆外排尿,behavior,cat,3ef573d8d8d7b1f579602c54a95db2a3ca1c23a215056a6dd6d7500c7275a8da,pending,,,,false
knowledge_card,MVP-BEH-002,多猫家庭猫砂盆资源,behavior,cat,a71ab21c71ab28f186302a3875c33600a742f07d5c2260a8c1cea13e35711ac2,pending,,,,false
knowledge_card,MVP-BEH-003,室内猫缺少合适抓挠和活动资源,behavior,cat,7a6c78ca53fe79391fc098587c03e2c3fdb0d50fb1d2509400cdce8d9176ea81,pending,,,,false
knowledge_card,MVP-BEH-004,猫夜间异常叫喊,behavior,cat,c17c1fd933c1e7f86b0b177ff5ae447fd6f3f03d8c6d307e4f7ec5a2a2d43b72,pending,,,,false
knowledge_card,MVP-BEH-005,犬独处时破坏或嚎叫,behavior,dog,0b400730aa245b7abe57a22836a73480524752ffa3b20db928e0088ed4445e92,pending,,,,false
knowledge_card,MVP-BEH-006,犬害怕雷声和巨响,behavior,dog,f18dabab11b0f6f931b11b53895b1cf2bfb1469c3c1d37f092d4d18512e18dcb,pending,,,,false
knowledge_card,MVP-BEH-007,犬突然出现攻击行为,behavior,dog,a6fa6a2d9ccb67f4e5240d9e79654067f2558c2c9396cd1c76a11df69fbecc85,pending,,,,false
knowledge_card,MVP-BEH-008,犬在家精力过剩,behavior,dog,3f004b4b381f189121662c0ee9301b3550ee42501b075c0626872ec105a280db,pending,,,,false
knowledge_card,MVP-BEH-009,新猫与原住猫逐步介绍,behavior,cat,9812ccfd1f5feaaa50cc201adb15ca11890c70554f743cb7aa3924ca7e9cdc99,pending,,,,false
knowledge_card,MVP-UR-001,犬排尿次数明显增加,urinary,dog,48b492b3a612a4cddf2024a56ae562c147bddd2bb537a0ee24e558ebd985cf69,pending,,,,false
knowledge_card,MVP-UR-002,犬尿中带血,urinary,dog,6358ba776f1f3ac412160884c0c69b95c02521c6fb6eca1d4e8dddc4470f6869,pending,,,,false
knowledge_card,MVP-UR-003,犬无法正常排尿,urinary,dog,e3bb66c3368091d088ad2a9ae2adffae2a4cf90727f02177454bf432e4c43dcf,pending,,,,false
knowledge_card,MVP-UR-004,猫在外排尿先排除泌尿问题,urinary,cat,23380508d7e17e76ab8c24aabeb6ffd759b460146f31bb44870aa392c16e4e66,pending,,,,false
knowledge_card,MVP-UR-005,犬猫饮水和排尿同时增多,urinary,cat|dog,698d095c43f294d2a642e67b7877327af642f82c213fefe6c2da6056086c0c8a,pending,,,,false
knowledge_card,MVP-EYE-001,猫眼睛眯眼或突然发红,eye,cat,d020bbfa9f92f84ad74e9f14b2c0297600ef9fa5852df294e42ffe20db8a1fe5,pending,,,,false
knowledge_card,MVP-EYE-002,猫突然撞东西或疑似视力下降,eye,cat,0e1c70bdc802bc90040f703192cb8cfc375069bf54b4f657486ad8092916e90c,pending,,,,false
knowledge_card,MVP-EYE-003,犬眼部分泌物需结合疼痛和眼表检查,eye,dog,38449e83bedd721949737f3f456b88df82857787c4c5d637a9e91204e6e136a7,pending,,,,false
knowledge_card,MVP-EYE-004,猫少量眼鼻分泌物,eye,cat,787b00391ee19b53b8c0a7d7e23fb5e9d0b0a3e242e37c74b50805cd7b021608,pending,,,,false
knowledge_card,MVP-PREV-001,成年犬猫基础健康检查,preventive_care,cat|dog,9476089ccf12a3e421126d1c51c932bd515fc951cf4f72743f6dfefa42ece81d,pending,,,,false
knowledge_card,MVP-PREV-002,老年犬猫需要记录的变化,preventive_care,cat|dog,25caabb0fb7b11deedc0bb11edab6873026a83feb7008445fe085688a993d30f,pending,,,,false
knowledge_card,MVP-PREV-003,发现皮下小肿块如何记录,preventive_care,cat|dog,9cc2e7700155d6a65b648fa033fe1f0601d8839c405eb4276e3a4bd47cddb6cf,pending,,,,false
knowledge_card,MVP-PREV-004,绝育或手术后切口观察,preventive_care,cat|dog,d53f1739c91a0f93bf9145b46832817965a9df4dd9c2ef49bb189283c8d62ec2,pending,,,,false
knowledge_card,MVP-PREV-005,接种后轻微不适与严重反应,preventive_care,cat|dog,7979160cbcc4bd8cc9d25ae15a203afb6a444442e75aa6dc0666abfabd964c52,pending,,,,false
knowledge_card,MVP-ANAL-001,犬频繁蹭屁股,anal_sac,dog,e61919410d20452431c7cfc352a125e66d6655eb11b162c34f9fd485f4624d02,pending,,,,false
knowledge_card,MVP-ANAL-002,肛门旁肿胀或疼痛,anal_sac,cat|dog,9e286e3b3e6478c7326b9555aec00ddcc0abccef177b272a3726b30d0c714f74,pending,,,,false
knowledge_card,MVP-MSK-004,运动后轻度跛行,musculoskeletal,cat|dog,26ba8a085feeb73a5fa14153378ef68715671c02fc01c233dee92385d3089dc6,pending,,,,false
knowledge_card,MVP-SKIN-004,猫过度舔毛,dermatology,cat,e8039cdcabba0b5e32e02d26b926df15beee3a2cbb8b335ec6da0aa12ab054f2,pending,,,,false
knowledge_card,MVP-TOX-001,猫吃植物后呕吐,gastrointestinal,cat,16506aa2d540553e153c316d87c49d53cc7aab7771a1aaf74bab169a0062ee62,pending,,,,false
knowledge_card,MVP-HEAT-001,犬高温天气活动预防,preventive_care,dog,14081809e934523724e1129c32ed33eb541b0b66b7b1d2c8c90a45242c2d2f8d,pending,,,,false
knowledge_card,MVP-RENAL-001,老年猫饮水和尿量明显增加,renal,cat,3ac46d752ed7df112aecb39c044919bd1d862d0e31b88ce6c46cfacb016cf2bc,pending,,,,false
knowledge_card,MVP-RENAL-002,猫体重下降并伴食欲下降,renal,cat,a962aab1bf06052babdf17e764bec196922d97fd7b5ab6e8a3fa592ffe1131ce,pending,,,,false
knowledge_card,MVP-RENAL-003,老年猫为什么要做肾脏筛查,renal,cat,3acf9bc785c4d1c72e7e5fdd2bf0a19feb673df5818d548e36f09e94dcc124cd,pending,,,,false
knowledge_card,MVP-RENAL-004,犬饮水和排尿持续增加,renal,dog,bd1a7803f1219c027fbb91d40914cdb0217569747ae07a5082aa6778968acbf2,pending,,,,false
knowledge_card,MVP-RENAL-005,犬慢性肾病可能出现的日常变化,renal,dog,7c001d2746fe4fa021fba81bd721784689c2b78b7d7f4268b214aeb60588bf39,pending,,,,false
knowledge_card,MVP-RENAL-006,猫狗尿量突然明显减少,renal,cat|dog,9266bc284633a21691d77e1a192f615600e55b66c20ae4e9e92d7acb06cd6470,pending,,,,false
knowledge_card,MVP-RENAL-007,肾病宠物不能自行调整药物和处方粮,renal,cat|dog,b44fd0f8a5c418ebc454813d020c02a65015305893fb05298417844704b732a3,pending,,,,false
knowledge_card,MVP-RENAL-008,高风险品种猫的多囊肾关注点,renal,cat,e49781372a762dc4ae3c83dad9ebb121fe901710be05265c5369a8164c014d52,pending,,,,false
knowledge_card,MVP-ENDO-001,老年猫体重下降但食欲很好,endocrine,cat,61b1b35550c55446a06663baef02adceafd024b4c7b2b46b0cc94ae5a8046672,pending,,,,false
knowledge_card,MVP-ENDO-002,猫甲状腺功能亢进的常见日常表现,endocrine,cat,3a74edb1ab1209bcc788c9431fccd912ec29739ce15afa815aeec450bab0fd39,pending,,,,false
knowledge_card,MVP-ENDO-003,老年猫定期体检时关注甲状腺,endocrine,cat,04a72bf8fe48ddce5d5da9d03042eef9f5dbc1aae5180a70b22819c7c2b0dee2,pending,,,,false
knowledge_card,MVP-ENDO-004,犬变胖、怕冷并且精神下降,endocrine,dog,f294945be35c02be3088796acbfdbf48c7e62f8234773e9b905458ede5f3bd69,pending,,,,false
knowledge_card,MVP-ENDO-005,不能只凭肥胖或掉毛判断犬甲减,endocrine,dog,939d07af30310ac3ac75bcfc5368f95c89f383a5ba5b30c0aec1424d9cf46584,pending,,,,false
knowledge_card,MVP-ENDO-006,犬糖尿病常见的早期线索,endocrine,dog,a738cea8751d05e8d99b17e6c8c1b0761023a71595d41215d247422003946e85,pending,,,,false
knowledge_card,MVP-ENDO-007,猫糖尿病可能出现的日常变化,endocrine,cat,b848754d1eaa2600ef8d906429f929dc3d1ee5bd823dee6dbf26122d8fef46d0,pending,,,,false
knowledge_card,MVP-ENDO-008,疑似糖尿病宠物出现呕吐和精神差,endocrine,cat|dog,9d5a4e45610bae62b0615eba80fd72db4a7b2bc69e59b02e1170ee6075757ca6,pending,,,,false
knowledge_card,MVP-ENDO-009,接受降糖治疗宠物的低血糖警示,endocrine,cat|dog,58dd724c437f64c138e5411ad98d4122e516a49aa4681b06e2df12ad032fb84d,pending,,,,false
knowledge_card,MVP-ENDO-010,多饮多尿不等于单一疾病,endocrine,cat|dog,4593f71579e8fd02b0986d21abf185e9deedad2dd0acae33b412726648850454,pending,,,,false
knowledge_card,MVP-CARD-001,犬体检发现心脏杂音但没有症状,cardiac,dog,0eb32016629607bb809ab3b46d43b4633d21e1504785e66c4e357bd3510e9f17,pending,,,,false
knowledge_card,MVP-CARD-002,犬静息或睡眠呼吸变快,cardiac,dog,499954101e7d5323a648bf5ae1142a3cc98de675f1e27bf5444499825cfb9691,pending,,,,false
knowledge_card,MVP-CARD-003,犬咳嗽不一定都是心脏病,cardiac,dog,9acd0a1930c31f245ee562db4b1e238e011e0605f6ff14fe5935345020999f7e,pending,,,,false
knowledge_card,MVP-CARD-004,猫肥厚型心肌病可能没有明显症状,cardiac,cat,b63ff846319fa1c53099a9babcb8eaf9a24e5eb869b6dd53fb03929af27482f3,pending,,,,false
knowledge_card,MVP-CARD-005,猫静息呼吸加快需要警惕心肺问题,cardiac,cat,d5c8a643375bbfb46762062d5773ead14d1f59cdb1b542e6d9d147ba931e901c,pending,,,,false
knowledge_card,MVP-CARD-006,猫突然后肢疼痛或无法站立,cardiac,cat,c9b09ac0dd46747e93ba929373aad0d76414b34d74f3c7b7051c7d5f69f4adc9,pending,,,,false
knowledge_card,MVP-CARD-007,犬短暂晕厥或倒地,cardiac,dog,426982dae72a53eeb22557cceac4ba965b9594fee772bcefca467e0157696c99,pending,,,,false
knowledge_card,MVP-CARD-008,犬心脏病药物不能因症状变化自行增减,cardiac,dog,28f0e92b5925b23c42c8044dbad9f701ea8cb2fce93688d64ec8dd415bc4a92c,pending,,,,false
knowledge_card,MVP-PH-001,犬胰腺炎可能出现哪些表现,pancreatic_hepatobiliary,dog,b446e93e6504c711c3f14e1e99a09142aac1df912f8f8fa5bdcc673efe09eb5c,pending,,,,false
knowledge_card,MVP-PH-002,犬胰腺炎不一定都有明显腹痛,pancreatic_hepatobiliary,dog,c60320a2db7782ac19b57508b42309165c65bb026f1af5291fae830a3ae58432,pending,,,,false
knowledge_card,MVP-PH-003,犬长期消瘦并且粪便量多,pancreatic_hepatobiliary,dog,46f8f811ca85940d19d0a664e84bd14f45dcdd62fea1dd5578d33050925f9f98,pending,,,,false
knowledge_card,MVP-PH-004,犬肝胆疾病的非特异性表现,pancreatic_hepatobiliary,dog,b876f3638d888ce0add6f778db7e9772caf4bc021f5c7fc70be8be9b08bafa3b,pending,,,,false
knowledge_card,MVP-PH-005,犬出现黄疸,pancreatic_hepatobiliary,dog,dd3b0515150aad889722d645ea238d6c1b48147278f3ee131f699ff762bd6bf4,pending,,,,false
knowledge_card,MVP-PH-006,犬腹部逐渐膨大疑似腹水,pancreatic_hepatobiliary,dog,4900e4d5b22a82f3ea4cf5e711f27a8e4754b8a287bdcdef003a008487a231c1,pending,,,,false
knowledge_card,MVP-PH-007,犬持续呕吐并伴腹部疼痛,pancreatic_hepatobiliary,dog,9fb479f9a5916c94da8bd094162e99eb58f78c2d435ab1014d9e58d0ec803bff,pending,,,,false
knowledge_card,MVP-INF-001,未完成免疫幼犬突然呕吐腹泻,infectious,dog,56dffb00a65a91b9d93872ccb8a9415dbf8c4230f1c51dfde9709f126ce666e4,pending,,,,false
knowledge_card,MVP-INF-002,犬细小病毒的家庭隔离注意,infectious,dog,314bd68c98efaef4296f871a0210fa533d9275fbb769bbfbcd95ccd475d5c9d5,pending,,,,false
knowledge_card,MVP-INF-003,幼犬疫苗未完成时的高风险接触,infectious,dog,52ad38106238cdee4e6243819521fff0fc926e8758099e0db9c9f8a84e9770e6,pending,,,,false
knowledge_card,MVP-INF-004,幼猫突然发热、呕吐和严重腹泻,infectious,cat,3906e186eef03db88b459c62e85b601459859494065d07c2f4a02cd01feb9fb0,pending,,,,false
knowledge_card,MVP-INF-005,新领养猫什么时候考虑FeLV/FIV检测,infectious,cat,4dedbd7fd41e8a5eb860d0ad0ac730a076e3613813345a9793b3a6b16c023753,pending,,,,false
knowledge_card,MVP-INF-006,猫白血病病毒感染可能表现很不典型,infectious,cat,b26b7258b2298c9193d003c57135c304165990fb5ce00c7436e71b8b8ef15337,pending,,,,false
knowledge_card,MVP-INF-007,猫打斗和FIV暴露风险,infectious,cat,c2c58812f559e2f276807d1c48a5e27a72bf38e03b5f332cdd3ef95660ed7e25,pending,,,,false
knowledge_card,MVP-INF-008,不能根据外观判断猫是否感染FeLV或FIV,infectious,cat,b8987b05866778409d3cce25dc7c5d0fd0d8de770f99a9699872b5ad8e473c10,pending,,,,false
knowledge_card,MVP-INF-009,犬发热呕吐并出现黄疸,infectious,dog,812674ada21f67d35bfe310ac2e850d2c4591528886bfb5319f7b2398e40da70,pending,,,,false
knowledge_card,MVP-INF-010,疑似钩端螺旋体病时的家庭防护,infectious,dog,d30e9a02a1ea631efccac969060357538da26d0401c7cd9402c980e3b35a7b71,pending,,,,false
knowledge_card,MVP-RESP-004,猫反复咳嗽或喘鸣可能与哮喘有关,respiratory,cat,88f027dce17d97733b6ea71b19c1e35fc4a3fc93d18f6eb381ff874fac0ad510,pending,,,,false
knowledge_card,MVP-RESP-005,猫哮喘样发作时不能只等拍视频,respiratory,cat,b4b617ac057062925552ed9e8bcbf651682b419341b26574d2acff5b76439377,pending,,,,false
knowledge_card,MVP-RESP-006,短头犬长期打鼾和呼吸噪音不是完全正常,respiratory,dog,68f32a5fcf52bc791d4d78dbb580ec48a0d396227aae32c562ab6385ecbd0117,pending,,,,false
knowledge_card,MVP-RESP-007,短头犬运动和高温耐受差,respiratory,dog,c4d830c36ba42f3b52175f8de7270b1651aef6a160f2da3a2041f0615d1207ea,pending,,,,false
knowledge_card,MVP-RESP-008,短头犬睡眠中出现憋气或频繁惊醒,respiratory,dog,88c0fa9beb64c3cc7f7890cec534ac4716b52b4b8572f6f961f205de42544f4a,pending,,,,false
knowledge_card,MVP-RESP-009,猫呼吸困难的原因不能只按哮喘处理,respiratory,cat,3cabaebe538fc83890f70b9dbb31e9158d195bbe7c9fdc18163bf7e05768ae30,pending,,,,false
knowledge_card,MVP-RESP-010,如何记录犬的静息呼吸变化,respiratory,dog,4bf6511dc094ed883c196778db52ff71da8e6bfc9d484234e5ca3e76f5b5dc74,pending,,,,false
knowledge_card,MVP-REPRO-001,未绝育母犬发情后精神差并喝水增多,reproductive,dog,6a997bfb1c88713e1f0081f91a2ec18cb61e30c935c0d9c773162fd8878112d6,pending,,,,false
knowledge_card,MVP-REPRO-002,未绝育母犬出现脓性阴道分泌物,reproductive,dog,ad3e89c43ce21c1b92810b180293ccbd006f99c79ebe7a02f71138b7b6bea0a7,pending,,,,false
knowledge_card,MVP-REPRO-003,子宫蓄脓可能没有阴道分泌物,reproductive,dog,c21ef8ee0f5da4f040acfba7d251bd63b6305b01e8e803c3a59a83201a6cbaca,pending,,,,false
knowledge_card,MVP-REPRO-004,未绝育母猫出现发热、分泌物或腹部异常,reproductive,cat,e74c5cd4e62ccf6978fba3f86ced8fe8acbf17eb832b8d3fef972a4a24133846,pending,,,,false
knowledge_card,MVP-DERM-008,猫狗出现圆形脱毛和皮屑,dermatology,cat|dog,a5f341d31848f5cfa92aec1397eaa9b9eaf2f1dfd0c193e8e2a1b1aa8854bccd,pending,,,,false
knowledge_card,MVP-DERM-009,疑似宠物皮肤癣菌病需要注意人宠传播,dermatology,cat|dog,8df392ae57c29242d0566dc237e42d3bba3925db0549debaaad2a6cae84bd871,pending,,,,false
knowledge_card,MVP-DERM-010,不能只凭照片确定猫癣或狗癣,dermatology,cat|dog,5145608860ab9a3b92b06a9e2e50f2eacf1083dc4d26ceef939f88173e69008f,pending,,,,false
knowledge_card,MVP-NEURO-001,犬猫第一次出现抽搐,neurologic,cat|dog,786fc632776936db7e3a796640549be2b578a00f60a01b6a89211400c9ce9161,pending,,,,false
knowledge_card,MVP-NEURO-002,宠物抽搐时应该记录什么,neurologic,cat|dog,cf81aa9f2358cfdcb434bde75b856d3f67cf11997219badd0ae49c62711507c8,pending,,,,false
knowledge_card,MVP-NEURO-003,短时间内连续多次抽搐,neurologic,cat|dog,74bb884669912683d6c985ec998756eb81fa7392ebce0a3a047311276f9a63cc,pending,,,,false
knowledge_card,MVP-ORAL-005,猫吃东西时突然掉食或偏一侧咀嚼,oral,cat,2f7b75e32b92906abdb40da5649d80c44aa0ff8d4cf3628afd7c2ff424f9de1b,pending,,,,false
knowledge_card,MVP-ORAL-006,猫牙吸收可能有哪些表现,oral,cat,83f9919c4b04633bf4e6bb08af3bcabcbe5e2799e019480fc602579d5e41aaa1,pending,,,,false
knowledge_card,MVP-ORAL-007,猫口腔大面积发红并流口水,oral,cat,fd58d71ebb8d689afbcae43f3bbd6c42f0e85fd9637e54bcb60394c60149e6b5,pending,,,,false
knowledge_card,MVP-ORAL-008,犬牙齿松动或牙龈退缩,oral,dog,e56e36ca130c28aa4b1ccfbc3dbcd6d0fbdcc5567193ddbbb5146f17385f8f99,pending,,,,false
knowledge_card,MVP-ORAL-009,犬猫口腔外伤或牙齿缺损伴疼痛,oral,cat|dog,7cdce4e97f573a21223158834d5d3bc6095fd1c90dc5af00becac512301f3e85,pending,,,,false
knowledge_card,MVP-ORAL-010,幼犬乳牙没有脱落,oral,dog,d8d3dcfb4f6aca5e5a681a4292644df78e5e3ac530f86a3bf649787c79224308,pending,,,,false
knowledge_card,MVP-ORAL-011,犬刷牙时牙龈出血,oral,dog,f42facaecb50031a9047d96cf7f9892d31887a82c7c3c1e598e80797253c5f6f,pending,,,,false
knowledge_card,MVP-ORAL-012,犬猫口腔里发现肿块,oral,cat|dog,e5f0742481176c4eae0ded4a5ed0c3dd6d451cda6583f2ec7bdc3afad82be222,pending,,,,false
knowledge_card,MVP-ORAL-013,犬频繁啃硬物导致牙齿风险,oral,dog,5dfce5189e3623d734c26b36958fe60a591fa46b913f13610d4725b48100f583,pending,,,,false
knowledge_card,MVP-ORAL-014,宠物口臭突然明显加重,oral,cat|dog,f26f2785e9f164a788076a7bf084754d4e9c72fd31822d79e27bea7f81da10b4,pending,,,,false
knowledge_card,MVP-DERM-011,犬皮肤出现脓疱和环形皮屑,dermatology,dog,352feca72e865f8fce3d74a0ce65a79114eb15ac6bb01a4f0fccf4125ab31dd2,pending,,,,false
knowledge_card,MVP-DERM-012,犬反复脓皮症不能只重复用药,dermatology,dog,433fec6aaf814ebf9f5e689264b9ca58a89a03153ecbec325a1ee7484ee48591,pending,,,,false
knowledge_card,MVP-DERM-013,犬皮肤油腻有酸臭味,dermatology,dog,f5cd7b3c4aa196e4e15c19e6e9794f160897386d3daf3845690466d6d2fdb615,pending,,,,false
knowledge_card,MVP-DERM-014,犬脚趾间红肿并反复舔咬,dermatology,dog,e33c8c6fa302850f4e631d64145c050c5b88f7a10485a5cbc1eed46fff186c8f,pending,,,,false
knowledge_card,MVP-DERM-015,犬突然出现湿润渗液的热斑,dermatology,dog,037902857d397625067679208466b554c05a0588edccd35c68329441b4aa7a8f,pending,,,,false
knowledge_card,MVP-DERM-016,犬尾根部剧烈瘙痒和掉毛,dermatology,dog,94551ae734c76d3284bb0c3b25a93f3b6c581e9e858fa8aeb7cf7fc013c88086,pending,,,,false
knowledge_card,MVP-DERM-017,猫身体出现粟粒样小结痂,dermatology,cat,6cebf12fa9bfe615fe4c484af99c768536d2e6ba05a02ca043f317d34534487c,pending,,,,false
knowledge_card,MVP-DERM-018,猫脸部耳缘圆形脱毛结痂需检查,dermatology,cat,035374527e2f2da28d6d421a634594b9127c2f911d3fc9300da918d86129b50a,pending,,,,false
knowledge_card,MVP-DERM-019,犬皮肤反复感染时为什么要做细胞学,dermatology,dog,cfa6042ef29b9350c000f27a65b7b9c1440984eedf8cf1ce2ffc67ab0c22d155,pending,,,,false
knowledge_card,MVP-DERM-020,怀疑食物过敏不能只靠一次换粮,dermatology,cat|dog,eefc874d0c1554c0019ee05f9e294b5b10e0853017ebaf732ed1ffa641422ee2,pending,,,,false
knowledge_card,MVP-DERM-021,犬腹部腋下反复发红瘙痒,dermatology,dog,2646b4840941ff35a64360265afb89224a42dd9eae4218928e48410499675fbb,pending,,,,false
knowledge_card,MVP-DERM-022,猫接种或用药后突然脸肿或出现全身反应,dermatology,cat,ed99e241f1445348dc7112cf67c5dfa0d1ca3a646d1ee836ee82f7232ea2bee7,pending,,,,false
knowledge_card,MVP-EYE-007,猫眼睛突然大量流泪并眯眼,eye,cat,b40a31d72c98a1731f76589660e72dd053cc5d0035be9b6dce41cd563f05b0c1,pending,,,,false
knowledge_card,MVP-EYE-008,猫角膜溃疡需要按时复查,eye,cat,7a2e3cb215cfda49d844d14f11c7489a4539f9938dfbd7baeb1a27b7116e882e,pending,,,,false
knowledge_card,MVP-EYE-009,短头犬眼球突出容易受伤,eye,dog,7fd3d58c4736d9dd0134650de5a1ffd0191a1dd179525f9c2ed0e0bdbfd3ea75,pending,,,,false
knowledge_card,MVP-EYE-010,犬眼睛干涩并有黏稠分泌物,eye,dog,f307a2ce48a2324f47665dd6c609d5d9c0563cb02d2210321030be92dc93a013,pending,,,,false
knowledge_card,MVP-EYE-011,猫两只瞳孔大小突然不一样,eye,cat,a0a981c9def81f89a287a43a561c195b3324105e1f285ec386b5ac77e74d577b,pending,,,,false
knowledge_card,MVP-EYE-012,犬内眼角出现红色圆形组织,eye,dog,ed228d89859e4e39124ab627ad5d798d2c4ae1b92023ec5c3ccc065a2b5de25f,pending,,,,false
knowledge_card,MVP-EYE-013,犬眼睛突然出现蓝白色浑浊,eye,dog,e7408a0a9220eb6fc15d13e19acc26881a134ca9ba3bdb7ff15d0bd7f3f904c7,pending,,,,false
knowledge_card,MVP-EYE-014,猫眼鼻分泌物不能只按颜色判断是否细菌感染,eye,cat,1729eb25a908b0bcb37e66593dec71826152edbde0e74c5df5c570c6317d41f0,pending,,,,false
knowledge_card,MVP-EAR-004,犬外耳炎反复发作,ear,dog,4c5f9f9d947a414c2e123a1343d6de09ee25e06e35c01c846836b4683e1e0600,pending,,,,false
knowledge_card,MVP-EAR-005,犬耳廓突然鼓起像水袋,ear,dog,967a51e915351042fd8352ad9b740001bb6c490d57d6f0dcbf51ad733474a291,pending,,,,false
knowledge_card,MVP-EAR-006,散步后犬单侧突然甩头需排查耳道异物,ear,dog,5b7d5a990497ad6905c4c88cf54ad46dda6bf129a53f53dcc3b5d99f6b06b7e9,pending,,,,false
knowledge_card,MVP-EAR-007,猫抓耳伴耳道分泌物不一定只有耳螨,ear,cat,eabf9977c84641597cb9c15e89c28ac2fa37099882e3223ec74ab4bd0e08bf42,pending,,,,false
knowledge_card,MVP-EAR-008,宠物耳道疼痛时先检查再清洁,ear,dog,1a1278fc2d3b034ac05e3324225b6a7b86cc4e89a5097869b7bc8575a811db23,pending,,,,false
knowledge_card,MVP-EAR-009,耳病伴头歪或走路不稳,ear,cat|dog,f3f166163a0c775599ec69adc770ef2cae7c616e063f18964df81d23083a2e6a,pending,,,,false
knowledge_card,MVP-PED-001,新生幼犬幼猫不吃奶,pediatrics,cat|dog,3349cb15e8da5bd7bd88a6d828c607c3024ae7bd2b78eb3d3ea1fef165880faa,pending,,,,false
knowledge_card,MVP-PED-002,新生幼犬体重不增加,pediatrics,dog,db8ec161bd0ded2b8098c3d166b6d03486fc275117ad4b990d5018848b7cc3a5,pending,,,,false
knowledge_card,MVP-PED-003,新生幼犬幼猫持续尖叫,pediatrics,cat|dog,b018f4b989183a5d777aaf4b6116d16e76701ab435a2167bbe64c63924e41834,pending,,,,false
knowledge_card,MVP-PED-004,新生幼犬幼猫身体发凉,pediatrics,cat|dog,b6ad69828164ae8b81d72f0fca0cc50ca0c632e2ce90f145f30b4c0faf67a725,pending,,,,false
knowledge_card,MVP-PED-005,幼犬幼猫断奶期软便,pediatrics,cat|dog,721ba00c5b576914da37e175fbf9d8ee5e2334026dc8f052f40f6d726a7480d5,pending,,,,false
knowledge_card,MVP-PED-006,幼犬幼猫如何安全过渡到固体食物,pediatrics,cat|dog,41153e6dad69f2423d7625cfc0532dd57f1628f2e33657d0504e9779a64d6d34,pending,,,,false
knowledge_card,MVP-PED-007,幼犬换牙期啃咬增多,pediatrics,dog,e0fdc82f2096d8b9052db31cd13aa59665b63449c06e07c463af997ea63b6157,pending,,,,false
knowledge_card,MVP-PED-008,幼猫换牙期持续口臭或牙龈发红需检查,pediatrics,cat,ef379aa8128568ded6cc7864c1b815e17317cbc7f774fc167fb5972199db1f48,pending,,,,false
knowledge_card,MVP-PED-009,幼犬幼猫肚脐鼓包需检查,pediatrics,cat|dog,cc6db7cbb91280f926313c8935c22dc0b3d1c26a7a2b8c6e96dc27103876d8dc,pending,,,,false
knowledge_card,MVP-PED-010,幼犬幼猫体重增长过慢,pediatrics,cat|dog,14c6dff6f9ce35ac9baac97a6817982bfb6ca57058f4439c2808f9630f3529c9,pending,,,,false
knowledge_card,MVP-PED-011,幼犬幼猫生病后疫苗是否延后,pediatrics,cat|dog,ba695bc55794018d41abca27633cbc4d200ec28f012d63865cf684d7aa8e32a8,pending,,,,false
knowledge_card,MVP-PED-012,幼犬幼猫社会化不能忽视传染病风险,pediatrics,cat|dog,57d0b283afb3f6d4ce40938d1f2f4ae31e6c1a221775a8e27da9d9ccecaab2ca,pending,,,,false
knowledge_card,MVP-SENIOR-001,老年犬夜间醒来走动或叫,senior_cognitive,dog,cd39cfc37a8062dff16120165c6f7b9bb2d4bfc4bddc38c5ba0a01a08f666697,pending,,,,false
knowledge_card,MVP-SENIOR-002,老年犬在熟悉环境中迷路,senior_cognitive,dog,71d4ba4295d5ac4398646ad494bcbd7b559ffa8c404e86af9eea22f30c2ed4cf,pending,,,,false
knowledge_card,MVP-SENIOR-003,老年犬突然开始在家排泄,senior_cognitive,dog,94f5dfede4d5c58ae6ecf78c899344982b9f4c5f338cf6475ab3d91598ce389b,pending,,,,false
knowledge_card,MVP-SENIOR-004,老年犬与家人互动明显减少,senior_cognitive,dog,9b7dea21cf3c1cd0fd0144e754eba31af0ab3b56784cebce3b57244d99a3fc28,pending,,,,false
knowledge_card,MVP-SENIOR-005,老年猫夜间大声叫,senior_cognitive,cat,213794139573a116f4788e8117124101ef353f8510aa46be643c6ce831a13a6f,pending,,,,false
knowledge_card,MVP-SENIOR-006,老年猫在熟悉家中显得迷茫,senior_cognitive,cat,b0996b60d6b314ed8292ea016686b3c6535de4fdabe8fc6161225ceb2fcc7639,pending,,,,false
knowledge_card,MVP-SENIOR-007,老年宠物行为变化先排除疼痛和疾病,senior_cognitive,cat|dog,c90cad691e5fc7f43f0e26072be00bc37ed3d62cf889c4fd6790a67540de491f,pending,,,,false
knowledge_card,MVP-SENIOR-008,老年认知变化如何做家庭记录,senior_cognitive,cat|dog,076667af28c64e64f0a6cb5cd53fad865200e290945d0ad5dfe04647afc33e56,pending,,,,false
knowledge_card,MVP-REPRO-005,猫是否怀孕不能只摸肚子判断,reproductive,cat,6e5ecfd4b80467f486c484feac883dbecbed1e5df6ad8d1f117d1b328648ffe1,pending,,,,false
knowledge_card,MVP-REPRO-006,怀孕母猫体重和食欲怎么观察,reproductive,cat,bf4b934c6bc6c728f3ba4a875952798b3ddc3a59074c28f6dcbde7a6d8f57a6f,pending,,,,false
knowledge_card,MVP-REPRO-007,母犬妊娠期间不能自行补钙,reproductive,dog,36059d3205b2b4c629218f4df20138123cec3a76fe0d09e2ec77f5f1f0a24419,pending,,,,false
knowledge_card,MVP-REPRO-008,母犬临近分娩需要准备哪些记录,reproductive,dog,ecaddb4aee65b2add93011aaa389e42588c50567e05402b878b535fd0ba3f4aa,pending,,,,false
knowledge_card,MVP-REPRO-009,母猫分娩时什么时候需要就医,reproductive,cat,4cd8bbdd047b27832648854bda74e1ebc12c68c90cecd80bcb273e854455a88c,pending,,,,false
knowledge_card,MVP-REPRO-010,母犬分娩时持续用力但没有幼犬,reproductive,dog,c5c46661aa4ad151f9ec1a5cd847918d8fc21d3b4bb97bcd64efd515e5c51088,pending,,,,false
knowledge_card,MVP-REPRO-011,母猫产后阴道分泌物异常,reproductive,cat,843f218323c9ea17f6e009c7934bd527ac56cccf5071a1e3b2c611279ef3c7f4,pending,,,,false
knowledge_card,MVP-REPRO-012,哺乳母犬母猫乳房红肿疼痛,reproductive,cat|dog,f8c148d979186cf2af6e003bee90fd8a552f46e14c32f1edec89bf43e59821c5,pending,,,,false
knowledge_card,MVP-REPRO-013,哺乳母犬突然发抖、喘气和走不稳,reproductive,dog,f1448a94728120a2820944553c71bbe03165b1aef5e248d344dfeab91d95d08a,pending,,,,false
knowledge_card,MVP-REPRO-014,产后母犬不照顾幼崽,reproductive,dog,59245324afb80a90c2f108e8f47b8bb7a334beacd7c353b8e4d5bf56658d3141,pending,,,,false
knowledge_card,MVP-TOX-003,犬误食巧克力或可可制品,toxicology,dog,bb2d75a81f309063c1929db719f9cf330b6e3d5ef530a090fa31fbd93332c77f,pending,,,,false
knowledge_card,MVP-TOX-004,犬误食木糖醇食品,toxicology,dog,e924e1cfedbe41a83f10ed29dcecf7638a94beb41b9379154458b60f78764bc4,pending,,,,false
knowledge_card,MVP-TOX-005,犬误食葡萄或葡萄干,toxicology,dog,ea7f9ddc67bd8aec6c742a6705c4d9454a7f22c0471e72c65a22eaba44b8fa04,pending,,,,false
knowledge_card,MVP-TOX-006,犬猫误食洋葱蒜或葱属食物,toxicology,cat|dog,60c054a5d29438018fe9c8a4e0ce2afbd8dd5da69189de62a87ea8b6c071c1fb,pending,,,,false
knowledge_card,MVP-TOX-007,犬猫误食酒精或未烘烤酵母面团,toxicology,cat|dog,cd2485367d4ded8cda38a5772482b1e2bb7cc6c77f7a3654c7e3fcd007319978,pending,,,,false
knowledge_card,MVP-TOX-008,犬误食夏威夷果,toxicology,dog,096b6dd128809860923f17be0f6d8aaf0ee8a3ecbeee5c9928efc11dd5a0e343,pending,,,,false
knowledge_card,MVP-TOX-009,犬猫误食咖啡因制品,toxicology,cat|dog,9de3a11c7816edd107f26ab78c12cf27945886b746c3fab3d92a14517680d790,pending,,,,false
knowledge_card,MVP-TOX-010,猫接触百合花或花粉,toxicology,cat,06f8537f11e946550c728ffe06602113dc809bb40d2fb9e5864e675728747f9a,pending,,,,false
knowledge_card,MVP-TOX-011,猫接触犬用含氯菊酯驱虫产品,toxicology,cat,1a694837475e0547f27f0091cade8e41b1b87ded05ed0d67903c5fdf7dd5439e,pending,,,,false
knowledge_card,MVP-TOX-012,犬猫误食人用止痛药,toxicology,cat|dog,39add3b030886eb7d3a1dc68d53c445ea380f0e842c3183c34f49f0b7274fe2d,pending,,,,false
knowledge_card,MVP-TOX-013,猫误食对乙酰氨基酚,toxicology,cat,8db8036fb3e9c521bbf588bce3a09f7745297f295bdc2351c79829daba019ed3,pending,,,,false
knowledge_card,MVP-TOX-014,犬误食抗凝血灭鼠药,toxicology,dog,a13e166211fde960c5570845314a8685de2d1982debd6f25ea86bbafb2d26051,pending,,,,false
knowledge_card,MVP-TOX-015,猫舔到含苯扎氯铵的浓缩消毒剂,toxicology,cat,fb16331a29b5f0935575721c97d3c3e4ec2224bcfc2e272a67b4017fb45028ae,pending,,,,false
knowledge_card,MVP-TOX-016,犬猫接触成分不明的杀虫剂或化学品,toxicology,cat|dog,fe774e1ca25f95689e498c331e43b11b6f98ff878458afa43b6f0703f26f9aa3,pending,,,,false
knowledge_card,MVP-TOX-017,犬猫误食不明植物,toxicology,cat|dog,bd10c9a6481eaec6f22fce880cd20da035b47485648ea754f79e68afc6006e8e,pending,,,,false
knowledge_card,MVP-DX-001,化验单一项超出参考范围不等于确诊,diagnostics,cat|dog,f23795d971f5625f8d990869a4f5e01d679411c5565fb30064fa0a71abeadf6e,pending,,,,false
knowledge_card,MVP-DX-002,红细胞或血红蛋白偏低怎么理解,diagnostics,cat|dog,d1b82ffa3da06e8ccfb8df8cb5b2a5d456a0d894a15a249edecfeceeaf6b60c2,pending,,,,false
knowledge_card,MVP-DX-003,猫白细胞升高不能单独证明细菌感染,diagnostics,cat,5814b9fe803379272c4b2e5ab9e2c3bc708cb4a2fd634e429043c18377200865,pending,,,,false
knowledge_card,MVP-DX-004,犬ALT或ALP升高不等于肝功能衰竭,diagnostics,dog,941e80a90df07b68e774f135bc1dd5020fe4c60c789f384f73227a02cf674389,pending,,,,false
knowledge_card,MVP-DX-005,肌酐和尿素需要结合水合及尿液结果,diagnostics,cat|dog,833338deabc9ae301e5a6980c111b716e8996fed9a51fd76f3a0e64e4e26a463,pending,,,,false
knowledge_card,MVP-DX-006,尿比重偏低或偏高怎么理解,diagnostics,cat|dog,517cfbd9f6bdaa68394e468d666eb0d94f63899135f25673485765735aab821b,pending,,,,false
knowledge_card,MVP-DX-007,尿蛋白阳性需要确认来源和持续性,diagnostics,cat|dog,0a19ff37795159b35397db8179f4b3a66a4abc32e159e97b52b06121f5c4b6b7,pending,,,,false
knowledge_card,MVP-DX-008,尿潜血阳性不一定都是膀胱出血,diagnostics,cat|dog,9f0dcced26f63a41b65256c10e3410cf34c3e1e814385f172775bba3e246f97c,pending,,,,false
knowledge_card,MVP-DX-009,猫血糖升高需区分应激与糖尿病,diagnostics,cat,3a54cdbfa79466ed6d2c96bb6c7f7aeebfca9bf0d6a70422ca8a5f92ea03beaa,pending,,,,false
knowledge_card,MVP-DX-010,犬血压单次偏高需要规范复测,diagnostics,dog,426c42154b80f1fae8afafc12f652757a3d429bee10b8e839972d74aa4db9c4e,pending,,,,false
knowledge_card,MVP-MON-001,慢性肾病猫如何记录体重和食欲,home_monitoring,cat,358994e2329c40c0616e3601fcf6dd8f8e0516784ac8030ea805828675014e94,pending,,,,false
knowledge_card,MVP-MON-002,慢性肾病宠物如何记录饮水和排尿,home_monitoring,cat|dog,36049994943e881c24723cb42022eeaeac4ebbc49c060613b4d50af9dd90f073,pending,,,,false
knowledge_card,MVP-MON-003,犬心脏病如何记录睡眠呼吸,home_monitoring,dog,7d6fb78545108f7213db5150ba5a01c417ba08fcbdfdbc68126411a8dc9de8eb,pending,,,,false
knowledge_card,MVP-MON-004,糖尿病宠物家庭日志要记什么,home_monitoring,cat|dog,1150d0b099a0998a9762873de3782489c6135bf54eafc8ffaee5e248846b87c8,pending,,,,false
knowledge_card,MVP-MON-005,骨关节炎宠物如何记录活动变化,home_monitoring,cat|dog,c6e94d1ae8a7805766f13b148d2dada6538d599958f2bae1c3bc2345cb65c0b2,pending,,,,false
knowledge_card,MVP-MON-006,犬过敏性皮肤病如何记录复发诱因,home_monitoring,dog,f721eab0906a3252fcf50d4b8e023f1053f5138d80c7d91a04cc680b33c33dfa,pending,,,,false
knowledge_card,MVP-MON-007,癫痫宠物发作日志要记录什么,home_monitoring,cat|dog,50ee9f35c3a2a0a54c083236e4b75a402d6399208495a90045bdbf3c90de1ee6,pending,,,,false
knowledge_card,MVP-MON-008,宠物新发现肿块如何在家记录,home_monitoring,cat|dog,f1da16bd771b440b9e4b96ec9c76829a4ef059eabedce8813db1f6f642d50ef3,pending,,,,false
knowledge_card,MVP-MON-009,犬慢病药物漏服后不要自行加倍,home_monitoring,dog,07b19aa423022da237452914fb20f795caf8353574d6a6c9bd2746cdb57a9acd,pending,,,,false
emergency_rule,OS-ER-UR-001,疑似猫尿道阻塞,emergency_now,cat,51beb4097b988eb09cc60bc849fdb150b53d45b7753669a2c4edeb508f87731f,pending,,,,false
emergency_rule,OS-ER-RESP-001,明显呼吸困难,emergency_now,cat|dog,bf7c4fa4a15e502cf1fa2819341f9aa8719964e036017cf00b5f8f27cc83c836,pending,,,,false
emergency_rule,OS-ER-GI-001,腹泻伴严重全身症状,urgent_same_day,dog,5ee3149e488ed22868fd003df89b4c2b788a3f006453fdc4d3688cfa9ebaddb0,pending,,,,false
emergency_rule,OS-ER-EYE-001,眼痛、浑浊或突然失明,urgent_same_day,dog,8e0e8c945cf962693370c13c11516a7623718758644ddff7860593c44162fd01,pending,,,,false
emergency_rule,OS-ER-VAX-001,接种后严重全身反应,emergency_now,cat|dog,462cd9713dfd3b70fa64617969b625eea3a4df2e99a5fa622c60478b216175ac,pending,,,,false
emergency_rule,MVP-ER-NEURO-001,首次抽搐或持续抽搐,emergency_now,cat|dog,0b302d0971060aa8bd522821fe1ce81abb66a68a402d4279905318cd191b3744,pending,,,,false
emergency_rule,MVP-ER-TOX-001,已知或疑似误食毒物,emergency_now,cat|dog,41926cb89c93f92b82fbe87e39e7511556c914914f11c418b66d30e27f128ec7,pending,,,,false
emergency_rule,MVP-ER-TOX-002,误食常见有毒食物,urgent_same_day,cat|dog,c081cabe098cb51465826ddff6fe0fccd045c341ec5fd2b93ac47e678ff61169,pending,,,,false
emergency_rule,MVP-ER-HEAT-001,疑似热相关疾病,emergency_now,dog,42bf3fa0fbabfa0a387a690bf8451df6db8aa594ade0a606987aae3d40b2a260,pending,,,,false
emergency_rule,MVP-ER-COLLAPSE-001,倒地或意识异常,emergency_now,cat|dog,48ca025a9e1326769baf05b00275d6302d3b2eeaabebb47ccb8d4d3fc7791180,pending,,,,false
emergency_rule,MVP-ER-BLEED-001,持续或大量出血,emergency_now,cat|dog,04531eb8413d76b0b569cdf7280d51e4b42ecab701a63b2b8840c647c4299c7e,pending,,,,false
emergency_rule,MVP-ER-TRAUMA-001,车祸、高处坠落或严重撞击,emergency_now,cat|dog,e9011959e9b29480d85b874a6f669caaab3f519f3b3df3dab18b3aa8797ddbd5,pending,,,,false
emergency_rule,MVP-ER-GDV-001,疑似犬胃扩张扭转,emergency_now,dog,9eee6281f9b5914dba9ea9ea9ddc2bdfed8e2b0caf6bc27a8bd71ba9ba43f35e,pending,,,,false
emergency_rule,MVP-ER-VOMIT-001,反复呕吐且无法饮水,emergency_now,cat|dog,661d74d7e16fcf0946aa812bf7dfe9e56fd4284c41020ac7576295d5fc72bb00,pending,,,,false
emergency_rule,MVP-ER-MELENA-001,犬黑便或呕血伴循环异常,emergency_now,dog,65a99c406255b6dd13af66c5bc6dd7ead91e461d5fc3e3989ce0570dd64d2939,pending,,,,false
emergency_rule,MVP-ER-NEURO-002,犬突然瘫痪或无法站立,emergency_now,dog,a4654d426f30f801ac6d2703b9a4332513de347a3863afc9964c73b8da0c3df3,pending,,,,false
emergency_rule,MVP-ER-EYE-002,眼球外伤或突然视力丧失,emergency_now,cat|dog,3659012a0b2d4cc2e05c84e083a31fdc9f1f48f5fc92fe2b4132a930ee0d181d,pending,,,,false
emergency_rule,MVP-ER-ALLERGY-001,猫接种后急性严重全身反应,emergency_now,cat,db68f7d5b429f6dfacc9f0e9baa54632c628b9c23a4b720172d11a5a40521a4b,pending,,,,false
emergency_rule,MVP-ER-UR-002,犬疑似尿潴留或尿道阻塞,emergency_now,dog,4e8602875bafed9f217d1329c1e1d9a1be35d918afbf897c7139abbe5e532645,pending,,,,false
emergency_rule,MVP-ER-FB-001,线状异物或尖锐异物,emergency_now,cat|dog,d6d55a9427e97e15da05b4c9d26619f1a84410996b10ed41414516a7f9c2e4c7,pending,,,,false
emergency_rule,MVP-ER-AIRWAY-001,犬猫明显呼吸困难或发绀,emergency_now,cat|dog,296fb301516c756f0dcf6b6854dc79229a30cc5452ab88b593570a2ad29e543d,pending,,,,false
emergency_rule,MVP-ER-BITE-001,咬伤累及胸腹或伴休克表现,emergency_now,cat|dog,3116ab8076a56234753ad8dc77d8c9585a996c88ac6ee40db302698dfb465387,pending,,,,false
emergency_rule,MVP-ER-POSTOP-001,术后切口裂开或持续出血,urgent_same_day,cat|dog,39602264aec966bfde26c96fab92d4d2066008bbba1e4fc2ec93013186a4d1f3,pending,,,,false
emergency_rule,MVP-ER-PED-001,幼犬腹泻呕吐伴明显虚弱,emergency_now,dog,a74f9945665d6fcd7c84ef41bb5b6a125ba66b5d127d6db6de37fe01a05ad09a,pending,,,,false
emergency_rule,MVP-ER-PAIN-001,无法缓解的剧烈疼痛,emergency_now,cat|dog,0a88d4eb2bd289eece0eb5baf572984a3182a49b525c656fd6027566e16aae72,pending,,,,false
emergency_rule,MVP-ER-REPRO-001,疑似子宫蓄脓,urgent_same_day,cat|dog,c11a11ed81443c4645ca59fed33fd5de33f2f1b97f6ff40a78fa51e397e05737,pending,,,,false
emergency_rule,MVP-ER-ENDO-001,疑似糖尿病酮症酸中毒,emergency_now,cat|dog,bf925e75c56e3d46c65df2b7f66b993f53d9a7a5bda2de812151377009c99447,pending,,,,false
emergency_rule,MVP-ER-ENDO-002,降糖治疗相关疑似低血糖,emergency_now,cat|dog,2105da88124f0c56efc5bb198f70e895e7b64f7633c70d76d864c3529fc4bc4b,pending,,,,false
emergency_rule,MVP-ER-INF-001,幼龄动物疑似严重病毒性胃肠炎,emergency_now,cat|dog,d2cdaa1edce4c0d5f542aa8035f786276a972919829b591db4c4873a788fb174,pending,,,,false
emergency_rule,MVP-ER-CARD-001,猫突然后肢瘫痪并剧烈疼痛,emergency_now,cat,d116cab739a9cf6384ba54392bdabe1dc61a1ddd0dd0efbb8cfb5f914808db6c,pending,,,,false
emergency_rule,MVP-ER-TOX-003,猫疑似接触百合,emergency_now,cat,a7023ebecd619474bd8c55a1cf9b3bff2d8409bd5a575e100bdb40b9c24d7cc1,pending,,,,false
emergency_rule,MVP-ER-TOX-004,犬疑似误食木糖醇,emergency_now,dog,2c7c19c7a9b75e4a72e9cc5763468b0dee7897f7b9dc859f08ac055094199970,pending,,,,false
emergency_rule,MVP-ER-TOX-005,犬疑似误食葡萄或葡萄干,urgent_same_day,dog,7dfa4dd232e7c3c34f9b23aff3d1bc74c6144997b81aefe4eda1c5c4b56da952,pending,,,,false
emergency_rule,MVP-ER-TOX-006,猫疑似氯菊酯中毒,emergency_now,cat,a131b14fcd8864c8f10fc43f67d1a06d7d1d552e2dcf02c9cf0a40a12e170a68,pending,,,,false
emergency_rule,MVP-ER-TOX-007,犬猫误食人用止痛药,emergency_now,cat|dog,7ad7a033713f9c664b6a592f5c4f8ead581ffb143bfeb8aeb5f2acbb203a9351,pending,,,,false
emergency_rule,MVP-ER-TOX-008,犬疑似误食灭鼠药,urgent_same_day,dog,3d31c57bd185fa2816928efcb6fd8c4e4c2ea1e2409ad0d10852c3d3e42150de,pending,,,,false
emergency_rule,MVP-ER-REPRO-002,犬猫疑似难产,emergency_now,cat|dog,eda05377b34121c26173020df17493e6590fa69458e01a560ef13991935b2947,pending,,,,false
emergency_rule,MVP-ER-REPRO-003,哺乳母犬疑似低钙危象,emergency_now,dog,6c5253b81c9ac6d434d59c75680e694e10dd99cbb6f69792537cce66b9ba911c,pending,,,,false
emergency_rule,MVP-ER-EYE-003,犬猫疑似严重角膜损伤,emergency_now,cat|dog,4959a79e6347f18e4192eaeb06a940ddcd329ab67439d906d79a19cb1da7419f,pending,,,,false
emergency_rule,MVP-ER-PED-002,新生幼犬幼猫衰弱或低体温,emergency_now,cat|dog,1502f8afc0e0a0bb57e0e7c5b7ccea7188370887899a4e03a3980b8ff8825ce0,pending,,,,false
knowledge_card,V17-DOG-INF-001,犬窝咳（犬传染性呼吸道疾病）,infectious,dog,955ea8ca0e2d794f44d2aa0e9c413dc9324ae94d8a9f0a20fcbe4058661edb17,pending,,,,false
knowledge_card,V17-DOG-INF-002,犬细小病毒感染：居家隔离与消毒,infectious,dog,b99ed7910d6b345b9a0353742931ff46ee6427796913ec1b4354fabc2009da22,pending,,,,false
knowledge_card,V17-DOG-GI-001,犬便秘,gastrointestinal,dog,779e46cc16ab170578ad1b2f727cb652798d2a96f548ceb81c4f91c6076aae79,pending,,,,false
knowledge_card,V17-DOG-BEH-001,犬过度吠叫,behavior,dog,5bf4df0004da63d588b5e3692f3a01505399c9918caec87d8efde735b50c3f06,pending,,,,false
knowledge_card,V17-DOG-INJ-001,犬擦伤割伤的家庭处理,minor_injury,dog,6527f358fc91f77b4fff9911f47ba8ec5a7a50577a0303aafd0e478cce345d69,pending,,,,false
knowledge_card,V17-DOG-ORAL-001,犬流口水过多,oral,dog,4460e1b2d1eddd597ccfeef7d73dbb18cb11002be96bd6cf47ea0ffc85e7fa73,pending,,,,false
knowledge_card,V17-DOG-END-001,犬甲状腺功能减退,endocrine,dog,c7576dfe8c29183f33842ae22c7be6b50f209b17ff2181350f540e927aadb8b3,pending,,,,false
knowledge_card,V17-DOG-PAR-001,犬心丝虫预防,parasites,dog,f27ee4880d46c994c6a5d3a6f3543b03a8d87519b6d0454342eb39730e65c8ba,pending,,,,false
knowledge_card,V17-DOG-NEU-001,犬癫痫发作的居家应对,neurologic,dog,8a0e816ecea4267c62522810b7f5d95fb5a6df61021d8d19aba2b1560088312e,pending,,,,false
knowledge_card,V17-DOG-END-002,犬糖尿病的日常监测,endocrine,dog,61f0c81b697615e8f6a56a714b7d29d7f3eebf8b46a00d66ca0df732e79bf8d9,pending,,,,false
knowledge_card,V17-DOG-HEP-001,犬肝病日常观察,pancreatic_hepatobiliary,dog,d1080cd98babf5db54e2f2853d99d6425eaede9ef6b811f06bbe04411a204dd5,pending,,,,false
knowledge_card,V17-DOG-HEAT-001,犬运动性中暑,preventive_care,dog,cb47421d006e13dfaf068e804e6640998099dd93ac5c5da4d5bedcce640a6d20,pending,,,,false
knowledge_card,V17-DOG-ANAL-001,犬肛门腺炎与脓肿,anal_sac,dog,1f1399967a5755f016a0d61f4e03c1207dc636008ef5c2695ccad3e271b53f98,pending,,,,false
knowledge_card,V17-DOG-GRM-002,犬洗澡后皮肤问题,grooming,dog,7939b0202e87f44523b853c220e1d4a9863c9ba8af53c701d4a1e91b3322b4ed,pending,,,,false
knowledge_card,V17-DOG-BEH-002,新犬到家适应,behavior,dog,a1d7016f1a04ca23a3760316906331ffde76894c40f2f98a532618c09250afed,pending,,,,false
knowledge_card,V17-DOG-DERM-002,犬体味重排查,dermatology,dog,eaa4e93a440371f4cea0e8196647f7bfa505e8b9816f554769dffa1d9e76b107,pending,,,,false
knowledge_card,V17-DOG-ORAL-002,犬牙周病管理,oral,dog,7f409c2456c0cb8693974380ab331ebb00eb968f021a1064ca627c06751aaf08,pending,,,,false
knowledge_card,V17-DOG-PAN-001,犬胰腺炎恢复期饮食,pancreatic_hepatobiliary,dog,bccbf089f0897e82719279cdcfd4db27f8da405e7ff21fbdd806bc179bbbf425,pending,,,,false
knowledge_card,V17-DOG-MSK-001,犬后腿无力与爬楼困难,musculoskeletal,dog,39de1a4318a88e84c1772fd4c99de102f0ca9b99be6c6a9f82832bcea9b090a2,pending,,,,false
knowledge_card,V17-DOG-VAX-001,犬疫苗接种后不良反应观察,preventive_care,dog,787d560a80bfbeb8cfd18713f472e87a98352be0dabc767982a766e17d8426db,pending,,,,false
knowledge_card,V17-DOG-PED-001,幼犬社会化与早期行为,pediatrics,dog,7e72e868805a2ee065e0f508463788d91de4f0295cced377cb3de0aa6ff9cdd6,pending,,,,false
knowledge_card,V17-DOG-GDV-001,犬急性胃胀扭转警示,gastrointestinal,dog,a5d4e437a49537107e11e064a3225ae61f646daee46780f9ab8fe3db010bfdd7,pending,,,,false
knowledge_card,V17-DOG-REP-001,母犬产后乳腺炎,reproductive,dog,9d11d15b30bd6e87c47ac91092db74dce60d285cbdc059334e846eca5637a369,pending,,,,false
knowledge_card,V17-DOG-SEN-001,犬认知障碍（脑老化）,senior_cognitive,dog,9a52239e0aecfff42340a17838ea604d0ed7557c07609edb118ef603d6e6596b,pending,,,,false
knowledge_card,V17-CAT-INF-001,猫鼻支（猫疱疹病毒感染）,infectious,cat,f895c505979f8c023127e9f3d94da045a93cb2f71fe19f6c246bbfd3a2997239,pending,,,,false
knowledge_card,V17-CAT-INF-002,猫瘟家庭隔离与消毒,infectious,cat,6453580b47e4c1a2cc406c1fcb78538d6d26f87ae57640856f841d24d3b96186,pending,,,,false
knowledge_card,V17-CAT-UR-001,猫应激性膀胱炎（FIC）,urinary,cat,0885fdd9190fb1436d82560f8fe574110a6a4c71e05a8a1f3440f44a2f313366,pending,,,,false
knowledge_card,V17-CAT-UR-002,猫尿结石,urinary,cat,bef39a23e3a5258a1ec31d99fad33b2b0a5a06aa219d8b6d9ad8acd6563ded5f,pending,,,,false
knowledge_card,V17-CAT-GI-001,猫便秘,gastrointestinal,cat,fea8c9df966887643820bd233a3985016db6cea88cfe3493ed38b043f70acb0c,pending,,,,false
knowledge_card,V17-CAT-EYE-001,猫第三眼睑脱出（樱桃眼）,eye,cat,6af76c75ea893432fa4116b86c5b8348afaa628c0dd24a5ab9d0c4bff0a3971d,pending,,,,false
knowledge_card,V17-CAT-RES-001,猫哮喘,respiratory,cat,cbfaff573cef8d549dfc97227bcf7557f2321a1c9952efe63b66aa724d15b054,pending,,,,false
knowledge_card,V17-CAT-CAR-001,猫肥厚性心肌病,cardiac,cat,f873aef839f8bd4dbfe12e5ffdea1e519ad5dc2026e3649992072fbb75183603,pending,,,,false
knowledge_card,V17-CAT-PAR-001,猫绦虫与蛔虫识别,parasites,cat,ee3cba330aa163adb86d644fbc5141145ac6e6e77d5330bc08d9f2ab8f04960c,pending,,,,false
knowledge_card,V17-CAT-DERM-001,猫跳蚤过敏性皮炎,dermatology,cat,a7b1737c3e985e7696be55323b0fbb198acfb1a8a10947196734bdbdfbc8cf65,pending,,,,false
knowledge_card,V17-CAT-ORAL-001,猫慢性口炎,oral,cat,4b8b062c84437c5bbb98303450ec5b91d590f3537ba720ce1ba92594d9e99db8,pending,,,,false
knowledge_card,V17-CAT-REN-001,猫慢性肾病家庭护理,renal,cat,68cb6018a0961c717629c99b152b8e124df606cd9004383f34381e6c44288181,pending,,,,false
knowledge_card,V17-CAT-REP-002,猫乳腺肿块,reproductive,cat,a31304765d21e1b7cbee1136005588fe2682c931b39828c3741ab9b401e14f07,pending,,,,false
knowledge_card,V17-CAT-VAX-001,猫疫苗后不良反应与注射部位肉瘤警示,preventive_care,cat,cd63c7ed1243b5901bd364a1c54bf527cf591a3252f229df596e6efff5c7679f,pending,,,,false
knowledge_card,V17-CAT-PED-001,小猫疫苗与驱虫日程,pediatrics,cat,29b3aa9ab2617373130b44ca2ffd2ab635b202baa022d647ab3949760cf2c37e,pending,,,,false
knowledge_card,V17-CAT-BEH-001,猫应激与躲藏,behavior,cat,b0bf6d6767d6ea8740e26046aeec7882a96a1648e5c0761be18164b41a050047,pending,,,,false
knowledge_card,V17-CAT-ORAL-002,猫牙吸收与口腔疼痛,oral,cat,b0e4d09c72f8e2b6ca7c66647b650fb7023e821aa4e221ff3536d6bdf00c6ff9,pending,,,,false
knowledge_card,V17-CAT-DX-001,猫多饮多尿排查,diagnostics,cat,a156e6dfda19f5cb16cd196073d0465e058c1f310a7b465239377ff17b98239e,pending,,,,false
knowledge_card,V17-CAT-END-001,猫体重下降排查,endocrine,cat,f9db34bf2f54895492de2dbd17934b76e163e5caba18b639db8bdea187ee95e2,pending,,,,false
knowledge_card,V17-CAT-SEN-001,猫认知障碍（老年猫夜叫）,senior_cognitive,cat,7beaabd3bcb0c7e23ad8aecc8605069c83c280aeddfd4dc274f510020f9b87df,pending,,,,false
